-- phpMyAdmin SQL Dump
-- version 4.8.5
-- https://www.phpmyadmin.net/
--
-- Host: db
-- Generation Time: Apr 11, 2019 at 05:19 AM
-- Server version: 10.3.13-MariaDB-1:10.3.13+maria~bionic
-- PHP Version: 7.2.14

SET SQL_MODE = "NO_AUTO_VALUE_ON_ZERO";
SET AUTOCOMMIT = 0;
START TRANSACTION;
SET time_zone = "+00:00";


/*!40101 SET @OLD_CHARACTER_SET_CLIENT=@@CHARACTER_SET_CLIENT */;
/*!40101 SET @OLD_CHARACTER_SET_RESULTS=@@CHARACTER_SET_RESULTS */;
/*!40101 SET @OLD_COLLATION_CONNECTION=@@COLLATION_CONNECTION */;
/*!40101 SET NAMES utf8mb4 */;

--
-- Database: `que-pmh`
--

-- --------------------------------------------------------

--
-- Table structure for table `auth_assignment`
--

CREATE TABLE `auth_assignment` (
  `item_name` varchar(64) COLLATE utf8_unicode_ci NOT NULL,
  `user_id` varchar(64) COLLATE utf8_unicode_ci NOT NULL,
  `created_at` int(11) DEFAULT NULL
) ENGINE=InnoDB DEFAULT CHARSET=utf8 COLLATE=utf8_unicode_ci ROW_FORMAT=COMPACT;

--
-- Dumping data for table `auth_assignment`
--

INSERT INTO `auth_assignment` (`item_name`, `user_id`, `created_at`) VALUES
('Admin', '1', 1531382026),
('Admin', '11', 1554886071),
('Admin', '5', 1554884839),
('Admin', '6', 1554866671),
('Admin', '7', 1554866681),
('Admin', '8', 1554884920),
('Admin', '9', 1554885865),
('check-drug', '2', 1534483012),
('payment', '2', 1534482772),
('recive-drug', '2', 1534482772),
('ticket', '2', 1534483011),
('User', '10', 1554886055),
('User', '12', 1554881147),
('User', '13', 1554881128),
('User', '14', 1554946358),
('User', '2', 1532323198),
('User', '3', 1554866289);

-- --------------------------------------------------------

--
-- Table structure for table `auth_item`
--

CREATE TABLE `auth_item` (
  `name` varchar(64) COLLATE utf8_unicode_ci NOT NULL,
  `type` smallint(6) NOT NULL,
  `description` text COLLATE utf8_unicode_ci DEFAULT NULL,
  `rule_name` varchar(64) COLLATE utf8_unicode_ci DEFAULT NULL,
  `data` blob DEFAULT NULL,
  `created_at` int(11) DEFAULT NULL,
  `updated_at` int(11) DEFAULT NULL
) ENGINE=InnoDB DEFAULT CHARSET=utf8 COLLATE=utf8_unicode_ci ROW_FORMAT=COMPACT;

--
-- Dumping data for table `auth_item`
--

INSERT INTO `auth_item` (`name`, `type`, `description`, `rule_name`, `data`, `created_at`, `updated_at`) VALUES
('/*', 2, NULL, NULL, NULL, 1531381211, 1531381211),
('/app/calling/*', 2, NULL, NULL, NULL, 1532322873, 1532322873),
('/app/kiosk/*', 2, NULL, NULL, NULL, 1532322875, 1532322875),
('/site/*', 2, NULL, NULL, NULL, 1532322856, 1532322856),
('/user/recovery/*', 2, NULL, NULL, NULL, 1532322891, 1532322891),
('/user/registration/*', 2, NULL, NULL, NULL, 1532322893, 1532322893),
('/user/security/*', 2, NULL, NULL, NULL, 1532322896, 1532322896),
('/user/settings/*', 2, NULL, NULL, NULL, 1531381228, 1531381228),
('Admin', 1, NULL, NULL, NULL, 1531382017, 1531382017),
('check-drug', 2, 'ตรวจสอบยา', NULL, NULL, 1534482640, 1534482640),
('payment', 2, 'ชำระเงิน', NULL, NULL, 1534482744, 1534482744),
('profile', 2, 'ข้อมูลส่วนตัว', NULL, NULL, 1531381259, 1531381259),
('recive-drug', 2, 'รับยา', NULL, NULL, 1534482763, 1534482763),
('ticket', 2, 'ออกบัตรคิว', NULL, NULL, 1534482996, 1534482996),
('User', 1, 'ผู้ใช้งานทั่วไป', NULL, NULL, 1532322820, 1532322820);

-- --------------------------------------------------------

--
-- Table structure for table `auth_item_child`
--

CREATE TABLE `auth_item_child` (
  `parent` varchar(64) COLLATE utf8_unicode_ci NOT NULL,
  `child` varchar(64) COLLATE utf8_unicode_ci NOT NULL
) ENGINE=InnoDB DEFAULT CHARSET=utf8 COLLATE=utf8_unicode_ci ROW_FORMAT=COMPACT;

--
-- Dumping data for table `auth_item_child`
--

INSERT INTO `auth_item_child` (`parent`, `child`) VALUES
('Admin', '/*'),
('check-drug', '/app/calling/*'),
('payment', '/app/calling/*'),
('profile', '/app/calling/*'),
('profile', '/app/kiosk/*'),
('profile', '/site/*'),
('profile', '/user/recovery/*'),
('profile', '/user/registration/*'),
('profile', '/user/security/*'),
('profile', '/user/settings/*'),
('recive-drug', '/app/calling/*'),
('ticket', '/app/kiosk/*'),
('User', 'profile');

-- --------------------------------------------------------

--
-- Table structure for table `auth_rule`
--

CREATE TABLE `auth_rule` (
  `name` varchar(64) COLLATE utf8_unicode_ci NOT NULL,
  `data` blob DEFAULT NULL,
  `created_at` int(11) DEFAULT NULL,
  `updated_at` int(11) DEFAULT NULL
) ENGINE=InnoDB DEFAULT CHARSET=utf8 COLLATE=utf8_unicode_ci ROW_FORMAT=COMPACT;

-- --------------------------------------------------------

--
-- Table structure for table `file_storage_item`
--

CREATE TABLE `file_storage_item` (
  `id` int(11) NOT NULL,
  `component` varchar(255) NOT NULL,
  `base_url` varchar(1024) NOT NULL,
  `path` varchar(1024) NOT NULL,
  `type` varchar(255) DEFAULT NULL,
  `size` int(11) DEFAULT NULL,
  `name` varchar(255) DEFAULT NULL,
  `upload_ip` varchar(15) DEFAULT NULL,
  `created_at` int(11) NOT NULL
) ENGINE=InnoDB DEFAULT CHARSET=utf8 ROW_FORMAT=COMPACT;

--
-- Dumping data for table `file_storage_item`
--

INSERT INTO `file_storage_item` (`id`, `component`, `base_url`, `path`, `type`, `size`, `name`, `upload_ip`, `created_at`) VALUES
(1, 'fileStorage', '/uploads', '1/fFHwfrDk04Ef0LHMFS1OPn1Q6Fnkci3k.jpg', 'image/jpeg', 170879, 'fFHwfrDk04Ef0LHMFS1OPn1Q6Fnkci3k', '127.0.0.1', 0),
(4, 'fileStorage', '/uploads', '1/ngAWKBhr4FWzB6UjBPKY3OXkxmQS3iqt.jpg', 'image/jpeg', 170879, 'ngAWKBhr4FWzB6UjBPKY3OXkxmQS3iqt', '127.0.0.1', 1531404875),
(6, 'fileStorage', '/uploads', '1/bupJff1Iu5o5LAMxh6Qi6RbSKkuln3yV.jpg', 'image/jpeg', 68550, 'bupJff1Iu5o5LAMxh6Qi6RbSKkuln3yV', '127.0.0.1', 1531715730),
(7, 'fileStorage', '/uploads', '1/QcoyjSuHaO1FG55QsmO0iQjdkLYFuKXR.jpg', 'image/jpeg', 68550, 'QcoyjSuHaO1FG55QsmO0iQjdkLYFuKXR', '127.0.0.1', 1531715828),
(10, 'fileStorage', '/uploads', '1/En70QR-ur5MymL6cIR5XWmu8sTNfuKyV.png', 'image/png', 201884, 'En70QR-ur5MymL6cIR5XWmu8sTNfuKyV', '127.0.0.1', 1532500302),
(11, 'fileStorage', '/uploads', '1/OIPiaGIvnwPxYn7nOFjjuJBtgTfY3nPU.png', 'image/png', 201884, 'OIPiaGIvnwPxYn7nOFjjuJBtgTfY3nPU', '127.0.0.1', 1532500749),
(12, 'fileStorage', '/uploads', '1/YMlU0QJc6ubdHc4-M1NqMfSJkcXS07KY.png', 'image/png', 202146, 'YMlU0QJc6ubdHc4-M1NqMfSJkcXS07KY', '127.0.0.1', 1533022344),
(15, 'fileStorage', '/uploads', '1/GHHTAAUSs1KCeLGGsee3pSRVBczMt9B1.jpg', 'image/jpeg', 19767, 'GHHTAAUSs1KCeLGGsee3pSRVBczMt9B1', '192.168.111.80', 1554779061);

-- --------------------------------------------------------

--
-- Table structure for table `key_storage_item`
--

CREATE TABLE `key_storage_item` (
  `key` varchar(128) NOT NULL,
  `value` text NOT NULL,
  `comment` text DEFAULT NULL,
  `updated_at` int(11) DEFAULT NULL,
  `created_at` int(11) DEFAULT NULL
) ENGINE=InnoDB DEFAULT CHARSET=utf8 ROW_FORMAT=COMPACT;

--
-- Dumping data for table `key_storage_item`
--

INSERT INTO `key_storage_item` (`key`, `value`, `comment`, `updated_at`, `created_at`) VALUES
('app-name', 'ระบบคิวโรงพยาบาลปลวกแดง', '', 1523349883, 1518009214),
('copy-right', 'โรงพยาบาลปลวกแดง', '', 1527783992, 1527783992),
('dynamic-limit', '20', '', 1519362612, 1519362612),
('frontend.body.class', 'fixed-sidebar fixed-navbar', '', 1518010225, NULL),
('frontend.navbar', 'navbar-fixed-top', 'fix navbar header', 1515767197, NULL),
('frontend.page-breadcrumbs', '0', 'breadcrumbs-fixed', 1515767838, NULL),
('frontend.page-header', '0', 'page-header-fixed', 1515767908, NULL),
('frontend.page-sidebar', 'sidebar-fixed menu-compact', 'sidebar-fixed , menu-compact', 1516690802, NULL),
('hospital-email', 'app@banbunghospital.com', '', 1527784016, 1527784016),
('logo-url', '/img/logo/logoBBH.png', '', 1527783974, 1527783974),
('text-marquee-kiosk', '<i class=\"fa fa-hospital-o\"></i> โรงพยาบาลปลวกแดงยินดีให้บริการ', 'ข้อความวิ่งหน้าจอ Kiosk', 1531472785, 1531471602);

-- --------------------------------------------------------

--
-- Table structure for table `migration`
--

CREATE TABLE `migration` (
  `version` varchar(180) NOT NULL,
  `apply_time` int(11) DEFAULT NULL
) ENGINE=InnoDB DEFAULT CHARSET=utf8 ROW_FORMAT=COMPACT;

--
-- Dumping data for table `migration`
--

INSERT INTO `migration` (`version`, `apply_time`) VALUES
('m000000_000000_base', 1531380456),
('m140209_132017_init', 1531380460),
('m140403_174025_create_account_table', 1531380461),
('m140504_113157_update_tables', 1531380463),
('m140504_130429_create_token_table', 1531380465),
('m140506_102106_rbac_init', 1531380498),
('m140830_171933_fix_ip_field', 1531380466),
('m140830_172703_change_account_table_name', 1531380466),
('m141222_110026_update_ip_field', 1531380467),
('m141222_135246_alter_username_length', 1531380468),
('m150614_103145_update_social_account_table', 1531380469),
('m150623_212711_fix_username_notnull', 1531380469),
('m151218_234654_add_timezone_to_profile', 1531380470),
('m160929_103127_add_last_login_at_to_user_table', 1531380470),
('m170907_052038_rbac_add_index_on_auth_assignment_user_id', 1531380498);

-- --------------------------------------------------------

--
-- Table structure for table `profile`
--

CREATE TABLE `profile` (
  `user_id` int(11) NOT NULL,
  `name` varchar(255) COLLATE utf8_unicode_ci DEFAULT NULL,
  `public_email` varchar(255) COLLATE utf8_unicode_ci DEFAULT NULL,
  `gravatar_email` varchar(255) COLLATE utf8_unicode_ci DEFAULT NULL,
  `gravatar_id` varchar(32) COLLATE utf8_unicode_ci DEFAULT NULL,
  `location` varchar(255) COLLATE utf8_unicode_ci DEFAULT NULL,
  `website` varchar(255) COLLATE utf8_unicode_ci DEFAULT NULL,
  `bio` text COLLATE utf8_unicode_ci DEFAULT NULL,
  `timezone` varchar(40) COLLATE utf8_unicode_ci DEFAULT NULL,
  `avatar_path` varchar(255) CHARACTER SET utf8 DEFAULT NULL,
  `avatar_base_url` varchar(255) CHARACTER SET utf8 DEFAULT NULL
) ENGINE=InnoDB DEFAULT CHARSET=utf8 COLLATE=utf8_unicode_ci ROW_FORMAT=COMPACT;

--
-- Dumping data for table `profile`
--

INSERT INTO `profile` (`user_id`, `name`, `public_email`, `gravatar_email`, `gravatar_id`, `location`, `website`, `bio`, `timezone`, `avatar_path`, `avatar_base_url`) VALUES
(1, 'Admin pmh', 'admin@demo.com', '', 'd41d8cd98f00b204e9800998ecf8427e', 'location', 'http://mcomscience-rmu.dev', '', 'Asia/Bangkok', NULL, NULL),
(2, 'test', NULL, NULL, NULL, NULL, NULL, NULL, NULL, NULL, NULL),
(3, 'มานิสา รัตณภิรมย์', '', '', 'd41d8cd98f00b204e9800998ecf8427e', '', '', '', NULL, NULL, NULL),
(4, 'วัชรีพร พันพา', '', '', 'd41d8cd98f00b204e9800998ecf8427e', '', '', '', NULL, NULL, NULL),
(5, 'อภิดา จันทาขุม', '', '', 'd41d8cd98f00b204e9800998ecf8427e', '', '', '', NULL, NULL, NULL),
(6, 'ชมพูนุท บุตตะโยธี', '', '', 'd41d8cd98f00b204e9800998ecf8427e', '', '', '', NULL, NULL, NULL),
(7, 'กษมา ลีรัตน์เสถียร', '', '', 'd41d8cd98f00b204e9800998ecf8427e', '', '', '', NULL, NULL, NULL),
(8, 'ปัญจพร ฤทธินนท์', '', '', 'd41d8cd98f00b204e9800998ecf8427e', '', '', '', NULL, NULL, NULL),
(9, 'จตุพล กันทะมูล', '', '', 'd41d8cd98f00b204e9800998ecf8427e', '', '', '', NULL, NULL, NULL),
(10, NULL, NULL, NULL, NULL, NULL, NULL, NULL, NULL, NULL, NULL),
(11, 'รุ่งโรจน์ ชินลาภา', '', '', 'd41d8cd98f00b204e9800998ecf8427e', '', '', '', NULL, NULL, NULL),
(12, 'ณัฐธิดา คุ้มรักษา', '', '', 'd41d8cd98f00b204e9800998ecf8427e', '', '', '', NULL, NULL, NULL),
(13, 'พจมาน สาจะรัญ', '', '', 'd41d8cd98f00b204e9800998ecf8427e', '', '', '', NULL, NULL, NULL),
(14, NULL, NULL, NULL, NULL, NULL, NULL, NULL, NULL, NULL, NULL);

-- --------------------------------------------------------

--
-- Table structure for table `social_account`
--

CREATE TABLE `social_account` (
  `id` int(11) NOT NULL,
  `user_id` int(11) DEFAULT NULL,
  `provider` varchar(255) COLLATE utf8_unicode_ci NOT NULL,
  `client_id` varchar(255) COLLATE utf8_unicode_ci NOT NULL,
  `data` text COLLATE utf8_unicode_ci DEFAULT NULL,
  `code` varchar(32) COLLATE utf8_unicode_ci DEFAULT NULL,
  `created_at` int(11) DEFAULT NULL,
  `email` varchar(255) COLLATE utf8_unicode_ci DEFAULT NULL,
  `username` varchar(255) COLLATE utf8_unicode_ci DEFAULT NULL
) ENGINE=InnoDB DEFAULT CHARSET=utf8 COLLATE=utf8_unicode_ci ROW_FORMAT=COMPACT;

-- --------------------------------------------------------

--
-- Table structure for table `tb_caller`
--

CREATE TABLE `tb_caller` (
  `caller_ids` int(11) NOT NULL COMMENT 'running',
  `que_ids` int(11) NOT NULL COMMENT 'รหัสคิว',
  `que_trans_ids` int(11) NOT NULL,
  `service_profile_id` int(11) NOT NULL COMMENT 'เซอร์วิสโปรไฟล์',
  `counter_service_id` int(11) NOT NULL COMMENT 'เคาท์เตอร์',
  `call_timestp` datetime NOT NULL COMMENT 'เวลาเรียก',
  `created_by` int(11) DEFAULT NULL COMMENT 'ผู้เรียก',
  `created_at` datetime DEFAULT NULL COMMENT 'เวลาบันทึก',
  `updated_by` int(11) DEFAULT NULL COMMENT 'ผู้แก้ไข',
  `updated_at` datetime DEFAULT NULL COMMENT 'เวลาแก้ไข',
  `call_status` int(11) NOT NULL COMMENT 'สถานะ'
) ENGINE=InnoDB DEFAULT CHARSET=utf8 ROW_FORMAT=COMPACT;

--
-- Dumping data for table `tb_caller`
--

INSERT INTO `tb_caller` (`caller_ids`, `que_ids`, `que_trans_ids`, `service_profile_id`, `counter_service_id`, `call_timestp`, `created_by`, `created_at`, `updated_by`, `updated_at`, `call_status`) VALUES
(104, 127, 137, 3, 9, '2019-04-11 09:18:31', 8, '2019-04-11 09:14:52', NULL, '2019-04-11 09:18:38', 3),
(105, 129, 138, 2, 4, '2019-04-11 09:27:03', 1, '2019-04-11 09:27:03', NULL, '2019-04-11 09:27:10', 3),
(106, 129, 139, 3, 9, '2019-04-11 09:30:03', 8, '2019-04-11 09:30:03', NULL, '2019-04-11 09:30:10', 3),
(107, 130, 140, 3, 10, '2019-04-11 09:36:37', 1, '2019-04-11 09:36:37', NULL, '2019-04-11 09:36:44', 3),
(108, 143, 141, 2, 4, '2019-04-11 09:41:47', 1, '2019-04-11 09:41:47', NULL, '2019-04-11 09:41:53', 3),
(109, 143, 142, 3, 9, '2019-04-11 09:43:29', 8, '2019-04-11 09:43:29', 8, '2019-04-11 09:43:29', 3),
(110, 131, 143, 3, 10, '2019-04-11 09:43:54', 1, '2019-04-11 09:43:54', NULL, '2019-04-11 09:44:01', 3),
(111, 132, 144, 2, 4, '2019-04-11 09:45:24', 1, '2019-04-11 09:45:24', NULL, '2019-04-11 09:45:31', 3),
(112, 133, 146, 2, 4, '2019-04-11 09:47:00', 1, '2019-04-11 09:47:00', NULL, '2019-04-11 09:47:07', 3),
(113, 134, 147, 3, 10, '2019-04-11 09:48:09', 1, '2019-04-11 09:47:41', NULL, '2019-04-11 09:48:16', 3),
(114, 132, 145, 3, 9, '2019-04-11 09:47:54', 8, '2019-04-11 09:47:54', NULL, '2019-04-11 09:48:01', 3),
(115, 135, 149, 3, 10, '2019-04-11 09:52:41', 1, '2019-04-11 09:52:41', NULL, '2019-04-11 09:52:48', 3),
(116, 136, 150, 3, 9, '2019-04-11 09:53:00', 8, '2019-04-11 09:53:00', NULL, '2019-04-11 09:53:06', 3),
(117, 137, 151, 3, 10, '2019-04-11 09:55:20', 1, '2019-04-11 09:55:20', NULL, '2019-04-11 09:55:27', 3),
(118, 138, 152, 3, 10, '2019-04-11 09:56:58', 1, '2019-04-11 09:56:58', NULL, '2019-04-11 09:57:05', 3),
(119, 139, 153, 3, 9, '2019-04-11 09:57:08', 8, '2019-04-11 09:57:08', NULL, '2019-04-11 09:57:15', 3),
(120, 140, 154, 3, 9, '2019-04-11 10:00:45', 8, '2019-04-11 10:00:25', NULL, '2019-04-11 10:00:52', 3),
(121, 141, 155, 3, 10, '2019-04-11 10:00:55', 1, '2019-04-11 10:00:55', NULL, '2019-04-11 10:01:02', 3),
(122, 154, 158, 3, 9, '2019-04-11 10:04:00', 8, '2019-04-11 10:03:27', NULL, '2019-04-11 10:04:07', 3),
(123, 142, 156, 2, 4, '2019-04-11 10:03:50', 1, '2019-04-11 10:03:50', NULL, '2019-04-11 10:03:56', 3),
(124, 144, 157, 2, 4, '2019-04-11 10:05:15', 1, '2019-04-11 10:05:15', NULL, '2019-04-11 10:05:22', 3),
(125, 142, 160, 3, 10, '2019-04-11 10:05:54', 1, '2019-04-11 10:05:54', NULL, '2019-04-11 10:06:01', 3),
(126, 157, 164, 3, 9, '2019-04-11 10:08:19', 8, '2019-04-11 10:06:52', NULL, '2019-04-11 10:08:26', 3),
(127, 146, 159, 2, 4, '2019-04-11 10:08:10', 1, '2019-04-11 10:08:10', NULL, '2019-04-11 10:08:16', 3),
(128, 147, 161, 2, 4, '2019-04-11 10:09:17', 1, '2019-04-11 10:09:17', NULL, '2019-04-11 10:09:24', 3),
(129, 158, 171, 3, 9, '2019-04-11 10:10:04', 8, '2019-04-11 10:10:04', NULL, '2019-04-11 10:10:10', 3),
(130, 156, 162, 2, 4, '2019-04-11 10:11:12', 1, '2019-04-11 10:10:33', NULL, '2019-04-11 10:11:19', 3),
(131, 144, 163, 3, 10, '2019-04-11 10:10:55', 1, '2019-04-11 10:10:55', NULL, '2019-04-11 10:11:02', 3),
(132, 145, 166, 3, 10, '2019-04-11 10:11:05', 1, '2019-04-11 10:11:05', NULL, '2019-04-11 10:11:11', 3),
(133, 146, 165, 3, 10, '2019-04-11 10:13:42', 1, '2019-04-11 10:13:42', NULL, '2019-04-11 10:13:49', 3),
(134, 147, 172, 3, 10, '2019-04-11 10:15:02', 1, '2019-04-11 10:15:02', NULL, '2019-04-11 10:15:08', 3),
(135, 156, 173, 3, 9, '2019-04-11 10:15:25', 8, '2019-04-11 10:15:07', NULL, '2019-04-11 10:15:32', 3),
(136, 148, 174, 3, 10, '2019-04-11 10:16:53', 1, '2019-04-11 10:16:53', NULL, '2019-04-11 10:16:59', 3),
(137, 167, 175, 2, 4, '2019-04-11 10:17:44', 1, '2019-04-11 10:17:44', NULL, '2019-04-11 10:17:50', 3),
(138, 176, 176, 3, 9, '2019-04-11 10:17:58', 8, '2019-04-11 10:17:58', NULL, '2019-04-11 10:18:05', 3),
(139, 149, 167, 3, 10, '2019-04-11 10:18:06', 1, '2019-04-11 10:18:06', NULL, '2019-04-11 10:18:12', 3),
(140, 167, 177, 3, 9, '2019-04-11 10:19:01', 8, '2019-04-11 10:19:01', NULL, '2019-04-11 10:19:07', 3),
(141, 150, 168, 3, 10, '2019-04-11 10:19:35', 1, '2019-04-11 10:19:35', NULL, '2019-04-11 10:19:42', 3),
(142, 170, 178, 2, 4, '2019-04-11 10:21:00', 1, '2019-04-11 10:21:00', NULL, '2019-04-11 10:21:07', 3),
(143, 151, 169, 3, 10, '2019-04-11 10:21:14', 1, '2019-04-11 10:21:14', NULL, '2019-04-11 10:21:21', 3),
(144, 170, 179, 3, 9, '2019-04-11 10:21:59', 8, '2019-04-11 10:21:59', NULL, '2019-04-11 10:22:05', 3),
(145, 152, 170, 3, 10, '2019-04-11 10:24:27', 1, '2019-04-11 10:24:27', NULL, '2019-04-11 10:24:34', 3),
(146, 153, 180, 2, 4, '2019-04-11 10:26:43', 1, '2019-04-11 10:26:43', NULL, '2019-04-11 10:26:49', 3),
(147, 153, 181, 3, 10, '2019-04-11 10:29:54', 1, '2019-04-11 10:29:54', NULL, '2019-04-11 10:30:01', 3),
(148, 155, 182, 3, 9, '2019-04-11 10:30:35', 8, '2019-04-11 10:30:35', NULL, '2019-04-11 10:30:42', 3),
(149, 133, 148, 3, 10, '2019-04-11 10:31:03', 1, '2019-04-11 10:31:03', 1, '2019-04-11 10:31:03', 3),
(150, 159, 184, 3, 10, '2019-04-11 10:32:27', 1, '2019-04-11 10:31:16', NULL, '2019-04-11 10:32:40', 3),
(151, 161, 185, 2, 4, '2019-04-11 10:31:45', 1, '2019-04-11 10:31:45', NULL, '2019-04-11 10:31:52', 3),
(152, 160, 183, 3, 9, '2019-04-11 10:32:26', 8, '2019-04-11 10:32:26', NULL, '2019-04-11 10:32:33', 3),
(153, 162, 186, 2, 4, '2019-04-11 10:32:51', 1, '2019-04-11 10:32:51', NULL, '2019-04-11 10:32:57', 3),
(154, 161, 187, 3, 9, '2019-04-11 10:33:30', 8, '2019-04-11 10:33:30', NULL, '2019-04-11 10:33:36', 3),
(155, 162, 188, 3, 10, '2019-04-11 10:35:03', 1, '2019-04-11 10:35:03', NULL, '2019-04-11 10:35:10', 3),
(156, 164, 190, 2, 4, '2019-04-11 10:35:30', 1, '2019-04-11 10:35:07', NULL, '2019-04-11 10:35:36', 3),
(157, 163, 192, 3, 9, '2019-04-11 10:36:10', 8, '2019-04-11 10:36:10', NULL, '2019-04-11 10:36:16', 3),
(158, 169, 193, 2, 4, '2019-04-11 10:37:13', 1, '2019-04-11 10:37:13', NULL, '2019-04-11 10:37:19', 3),
(159, 165, 191, 3, 10, '2019-04-11 10:37:56', 1, '2019-04-11 10:37:56', NULL, '2019-04-11 10:38:03', 3),
(160, 169, 195, 3, 9, '2019-04-11 10:38:31', 8, '2019-04-11 10:38:14', NULL, '2019-04-11 10:38:38', 3),
(161, 164, 197, 3, 9, '2019-04-11 10:39:32', 8, '2019-04-11 10:39:32', NULL, '2019-04-11 10:39:39', 3),
(162, 171, 194, 2, 4, '2019-04-11 11:04:51', 1, '2019-04-11 10:39:53', 1, '2019-04-11 11:42:01', 2),
(163, 166, 199, 3, 9, '2019-04-11 10:41:06', 8, '2019-04-11 10:41:06', NULL, '2019-04-11 10:41:13', 3),
(164, 168, 200, 3, 9, '2019-04-11 10:42:06', 8, '2019-04-11 10:42:06', NULL, '2019-04-11 10:42:13', 3),
(165, 172, 196, 3, 10, '2019-04-11 10:42:51', 1, '2019-04-11 10:42:51', NULL, '2019-04-11 10:42:58', 3),
(166, 173, 198, 3, 9, '2019-04-11 10:43:10', 8, '2019-04-11 10:43:10', NULL, '2019-04-11 10:43:16', 3),
(167, 174, 201, 3, 10, '2019-04-11 10:44:07', 1, '2019-04-11 10:44:07', NULL, '2019-04-11 10:44:14', 3),
(168, 175, 202, 3, 9, '2019-04-11 10:44:21', 8, '2019-04-11 10:44:21', NULL, '2019-04-11 10:44:27', 3),
(169, 177, 203, 3, 10, '2019-04-11 10:45:04', 1, '2019-04-11 10:45:04', NULL, '2019-04-11 10:45:11', 3),
(170, 178, 204, 3, 9, '2019-04-11 10:45:09', 8, '2019-04-11 10:45:09', NULL, '2019-04-11 10:45:18', 3),
(171, 179, 205, 2, 4, '2019-04-11 10:45:42', 1, '2019-04-11 10:45:42', NULL, '2019-04-11 10:45:49', 3),
(172, 179, 207, 3, 9, '2019-04-11 10:47:00', 8, '2019-04-11 10:47:00', NULL, '2019-04-11 10:47:07', 3),
(173, 180, 208, 2, 4, '2019-04-11 10:47:23', 1, '2019-04-11 10:47:23', NULL, '2019-04-11 10:47:29', 3),
(174, 181, 211, 2, 4, '2019-04-11 10:49:13', 1, '2019-04-11 10:49:13', NULL, '2019-04-11 10:49:20', 3),
(175, 180, 209, 3, 9, '2019-04-11 10:49:38', 8, '2019-04-11 10:49:38', NULL, '2019-04-11 10:49:45', 3),
(176, 182, 212, 2, 4, '2019-04-11 10:50:04', 1, '2019-04-11 10:50:04', NULL, '2019-04-11 10:50:10', 3),
(177, 181, 213, 3, 9, '2019-04-11 10:51:00', 8, '2019-04-11 10:51:00', NULL, '2019-04-11 10:51:07', 3),
(178, 182, 215, 3, 9, '2019-04-11 10:52:14', 8, '2019-04-11 10:52:14', NULL, '2019-04-11 10:52:20', 3),
(179, 192, 216, 2, 4, '2019-04-11 10:52:41', 1, '2019-04-11 10:52:20', NULL, '2019-04-11 10:52:47', 3),
(180, 126, 136, 3, 10, '2019-04-11 10:52:28', 1, '2019-04-11 10:52:28', 1, '2019-04-11 10:52:28', 3),
(181, 183, 210, 3, 10, '2019-04-11 10:53:03', 1, '2019-04-11 10:52:42', NULL, '2019-04-11 10:53:10', 3),
(182, 184, 214, 3, 9, '2019-04-11 10:54:11', 8, '2019-04-11 10:53:48', NULL, '2019-04-11 10:54:18', 3),
(183, 185, 217, 3, 10, '2019-04-11 10:54:03', 1, '2019-04-11 10:54:03', NULL, '2019-04-11 10:54:10', 3),
(184, 188, 220, 2, 4, '2019-04-11 10:54:42', 1, '2019-04-11 10:54:43', NULL, '2019-04-11 10:54:49', 3),
(185, 186, 218, 3, 10, '2019-04-11 10:55:24', 1, '2019-04-11 10:55:24', NULL, '2019-04-11 10:55:31', 3),
(186, 187, 219, 3, 9, '2019-04-11 10:55:28', 8, '2019-04-11 10:55:28', NULL, '2019-04-11 10:55:37', 3),
(187, 188, 222, 3, 10, '2019-04-11 10:56:20', 1, '2019-04-11 10:56:20', NULL, '2019-04-11 10:56:27', 3),
(188, 191, 225, 2, 4, '2019-04-11 10:56:38', 1, '2019-04-11 10:56:38', NULL, '2019-04-11 10:56:44', 3),
(189, 189, 223, 3, 9, '2019-04-11 10:56:54', 8, '2019-04-11 10:56:54', NULL, '2019-04-11 10:57:00', 3),
(190, 190, 224, 3, 10, '2019-04-11 10:57:13', 1, '2019-04-11 10:57:13', NULL, '2019-04-11 10:57:19', 3),
(191, 191, 227, 3, 9, '2019-04-11 10:58:02', 8, '2019-04-11 10:58:02', NULL, '2019-04-11 10:58:08', 3),
(192, 193, 226, 3, 10, '2019-04-11 10:59:46', 1, '2019-04-11 10:59:46', NULL, '2019-04-11 10:59:53', 3),
(193, 192, 221, 3, 10, '2019-04-11 11:00:33', 1, '2019-04-11 11:00:33', 1, '2019-04-11 11:00:33', 3),
(194, 194, 228, 3, 10, '2019-04-11 11:00:37', 1, '2019-04-11 11:00:37', NULL, '2019-04-11 11:00:43', 3),
(195, 196, 229, 3, 9, '2019-04-11 11:01:34', 8, '2019-04-11 11:01:34', NULL, '2019-04-11 11:01:40', 3),
(196, 197, 230, 3, 10, '2019-04-11 11:01:52', 1, '2019-04-11 11:01:52', NULL, '2019-04-11 11:01:59', 3),
(197, 198, 231, 3, 10, '2019-04-11 11:02:48', 1, '2019-04-11 11:02:48', NULL, '2019-04-11 11:02:54', 3),
(198, 201, 234, 2, 4, '2019-04-11 11:03:10', 1, '2019-04-11 11:03:10', NULL, '2019-04-11 11:03:16', 3),
(199, 199, 232, 3, 9, '2019-04-11 11:03:21', 8, '2019-04-11 11:03:21', NULL, '2019-04-11 11:03:27', 3),
(200, 200, 233, 3, 10, '2019-04-11 11:04:36', 1, '2019-04-11 11:04:36', NULL, '2019-04-11 11:04:43', 3),
(201, 201, 237, 3, 9, '2019-04-11 11:04:46', 8, '2019-04-11 11:04:46', NULL, '2019-04-11 11:04:52', 3),
(202, 202, 235, 3, 10, '2019-04-11 11:05:27', 1, '2019-04-11 11:05:27', NULL, '2019-04-11 11:05:34', 3),
(203, 204, 236, 3, 9, '2019-04-11 11:05:51', 8, '2019-04-11 11:05:51', NULL, '2019-04-11 11:05:57', 3),
(204, 206, 238, 3, 9, '2019-04-11 11:06:50', 8, '2019-04-11 11:06:50', NULL, '2019-04-11 11:06:56', 3),
(205, 212, 243, 2, 4, '2019-04-11 11:07:56', 1, '2019-04-11 11:07:56', NULL, '2019-04-11 11:08:02', 3),
(206, 207, 239, 3, 9, '2019-04-11 11:08:06', 8, '2019-04-11 11:08:06', NULL, '2019-04-11 11:08:13', 3),
(207, 208, 240, 3, 10, '2019-04-11 11:09:04', 1, '2019-04-11 11:08:22', NULL, '2019-04-11 11:09:10', 3),
(208, 209, 241, 3, 9, '2019-04-11 11:09:14', 8, '2019-04-11 11:09:14', NULL, '2019-04-11 11:09:21', 3),
(209, 214, 246, 2, 4, '2019-04-11 11:09:33', 1, '2019-04-11 11:09:33', NULL, '2019-04-11 11:09:39', 3),
(210, 210, 242, 3, 9, '2019-04-11 11:10:30', 8, '2019-04-11 11:10:30', NULL, '2019-04-11 11:10:37', 3),
(211, 212, 245, 3, 10, '2019-04-11 11:11:24', 1, '2019-04-11 11:11:24', NULL, '2019-04-11 11:11:31', 3),
(212, 213, 244, 3, 9, '2019-04-11 11:11:42', 8, '2019-04-11 11:11:42', NULL, '2019-04-11 11:11:48', 3),
(213, 217, 250, 2, 4, '2019-04-11 11:12:04', 1, '2019-04-11 11:12:04', NULL, '2019-04-11 11:12:10', 3),
(214, 214, 247, 3, 9, '2019-04-11 11:12:41', 8, '2019-04-11 11:12:41', NULL, '2019-04-11 11:12:47', 3),
(215, 215, 248, 3, 9, '2019-04-11 11:13:17', 8, '2019-04-11 11:13:17', NULL, '2019-04-11 11:13:23', 3),
(216, 219, 253, 2, 4, '2019-04-11 11:13:24', 1, '2019-04-11 11:13:24', NULL, '2019-04-11 11:13:31', 3),
(217, 216, 249, 3, 9, '2019-04-11 11:14:16', 8, '2019-04-11 11:14:16', NULL, '2019-04-11 11:14:22', 3),
(218, 217, 252, 3, 9, '2019-04-11 11:15:12', 8, '2019-04-11 11:15:12', NULL, '2019-04-11 11:15:18', 3),
(219, 218, 251, 3, 10, '2019-04-11 11:15:42', 1, '2019-04-11 11:15:42', NULL, '2019-04-11 11:15:48', 3),
(220, 211, 255, 3, 9, '2019-04-11 11:16:14', 8, '2019-04-11 11:16:14', NULL, '2019-04-11 11:16:21', 3),
(221, 220, 256, 3, 10, '2019-04-11 11:16:42', 1, '2019-04-11 11:16:42', NULL, '2019-04-11 11:16:48', 3),
(222, 219, 254, 3, 9, '2019-04-11 11:17:04', 8, '2019-04-11 11:17:04', NULL, '2019-04-11 11:17:11', 3),
(223, 221, 257, 3, 10, '2019-04-11 11:17:48', 1, '2019-04-11 11:17:48', NULL, '2019-04-11 11:17:54', 3),
(224, 223, 259, 2, 4, '2019-04-11 11:17:53', 1, '2019-04-11 11:17:53', NULL, '2019-04-11 11:18:01', 3),
(225, 222, 258, 3, 9, '2019-04-11 11:18:01', 8, '2019-04-11 11:18:01', NULL, '2019-04-11 11:18:08', 3),
(226, 224, 260, 3, 10, '2019-04-11 11:20:14', 1, '2019-04-11 11:20:14', NULL, '2019-04-11 11:20:20', 3),
(227, 226, 262, 2, 4, '2019-04-11 11:20:21', 1, '2019-04-11 11:20:21', NULL, '2019-04-11 11:20:27', 3),
(228, 226, 265, 3, 10, '2019-04-11 11:23:10', 1, '2019-04-11 11:23:10', NULL, '2019-04-11 11:23:17', 3),
(229, 225, 261, 2, 4, '2019-04-11 11:25:05', 1, '2019-04-11 11:25:05', NULL, '2019-04-11 11:25:12', 3),
(230, 225, 271, 3, 10, '2019-04-11 11:26:08', 1, '2019-04-11 11:26:08', NULL, '2019-04-11 11:26:14', 3),
(231, 229, 264, 2, 4, '2019-04-11 11:26:16', 1, '2019-04-11 11:26:16', NULL, '2019-04-11 11:26:23', 3),
(232, 223, 267, 3, 10, '2019-04-11 11:28:24', 1, '2019-04-11 11:28:24', NULL, '2019-04-11 11:28:31', 3),
(233, 228, 263, 3, 9, '2019-04-11 11:28:47', 8, '2019-04-11 11:28:47', NULL, '2019-04-11 11:28:53', 3),
(234, 231, 276, 2, 4, '2019-04-11 11:30:32', 1, '2019-04-11 11:30:32', NULL, '2019-04-11 11:30:37', 3),
(235, 229, 273, 3, 9, '2019-04-11 11:31:12', 8, '2019-04-11 11:31:12', NULL, '2019-04-11 11:31:19', 3),
(236, 230, 266, 3, 9, '2019-04-11 11:32:12', 8, '2019-04-11 11:32:12', NULL, '2019-04-11 11:32:18', 3),
(237, 233, 268, 3, 9, '2019-04-11 11:32:51', 8, '2019-04-11 11:32:51', NULL, '2019-04-11 11:32:57', 3),
(238, 240, 279, 2, 4, '2019-04-11 11:33:17', 1, '2019-04-11 11:33:17', NULL, '2019-04-11 11:33:23', 3),
(239, 234, 269, 3, 9, '2019-04-11 11:34:12', 8, '2019-04-11 11:34:12', NULL, '2019-04-11 11:34:19', 3),
(240, 235, 270, 3, 9, '2019-04-11 11:35:24', 8, '2019-04-11 11:35:24', NULL, '2019-04-11 11:35:31', 3),
(241, 241, 280, 2, 4, '2019-04-11 11:35:32', 1, '2019-04-11 11:35:32', NULL, '2019-04-11 11:35:38', 3),
(242, 236, 272, 3, 9, '2019-04-11 11:36:09', 8, '2019-04-11 11:36:09', NULL, '2019-04-11 11:36:16', 3),
(243, 237, 274, 3, 9, '2019-04-11 11:36:45', 8, '2019-04-11 11:36:45', NULL, '2019-04-11 11:36:52', 3),
(244, 238, 286, 3, 9, '2019-04-11 11:38:37', 8, '2019-04-11 11:38:37', NULL, '2019-04-11 11:38:44', 3),
(245, 231, 277, 3, 9, '2019-04-11 11:39:31', 8, '2019-04-11 11:39:31', NULL, '2019-04-11 11:39:37', 3),
(246, 239, 278, 3, 9, '2019-04-11 11:41:15', 8, '2019-04-11 11:40:55', NULL, '2019-04-11 11:41:22', 3),
(247, 248, 287, 2, 4, '2019-04-11 11:41:33', 1, '2019-04-11 11:40:58', NULL, '2019-04-11 11:41:39', 3),
(248, 240, 282, 3, 9, '2019-04-11 11:42:54', 8, '2019-04-11 11:42:54', NULL, '2019-04-11 11:43:01', 3),
(249, 245, 289, 2, 4, '2019-04-11 11:43:05', 1, '2019-04-11 11:43:05', NULL, '2019-04-11 11:43:11', 3),
(250, 241, 284, 3, 9, '2019-04-11 11:44:09', 8, '2019-04-11 11:44:09', NULL, '2019-04-11 11:44:16', 3),
(251, 256, 294, 2, 4, '2019-04-11 11:44:33', 1, '2019-04-11 11:44:33', NULL, '2019-04-11 11:44:39', 3),
(252, 242, 281, 3, 9, '2019-04-11 11:45:24', 8, '2019-04-11 11:45:24', NULL, '2019-04-11 11:45:31', 3),
(253, 249, 295, 2, 4, '2019-04-11 11:45:52', 1, '2019-04-11 11:45:52', NULL, '2019-04-11 11:45:58', 3),
(254, 243, 283, 3, 9, '2019-04-11 11:46:04', 8, '2019-04-11 11:46:04', NULL, '2019-04-11 11:46:10', 3),
(255, 250, 297, 2, 4, '2019-04-11 11:47:17', 1, '2019-04-11 11:47:17', NULL, '2019-04-11 11:47:23', 3),
(256, 232, 285, 3, 9, '2019-04-11 11:47:43', 8, '2019-04-11 11:47:43', NULL, '2019-04-11 11:47:49', 3),
(257, 244, 288, 3, 9, '2019-04-11 11:48:38', 8, '2019-04-11 11:48:38', NULL, '2019-04-11 11:48:44', 3),
(258, 245, 293, 3, 9, '2019-04-11 11:50:21', 8, '2019-04-11 11:50:21', NULL, '2019-04-11 11:50:27', 3),
(259, 246, 290, 3, 9, '2019-04-11 11:52:39', 8, '2019-04-11 11:52:39', NULL, '2019-04-11 11:52:46', 3),
(260, 258, 306, 2, 4, '2019-04-11 11:53:51', 1, '2019-04-11 11:53:51', NULL, '2019-04-11 11:53:57', 3),
(261, 247, 291, 3, 9, '2019-04-11 11:55:14', 8, '2019-04-11 11:55:14', NULL, '2019-04-11 11:55:21', 3),
(262, 249, 298, 3, 9, '2019-04-11 11:57:12', 8, '2019-04-11 11:57:12', NULL, '2019-04-11 11:57:19', 3),
(263, 250, 302, 3, 9, '2019-04-11 11:57:52', 8, '2019-04-11 11:57:52', NULL, '2019-04-11 11:57:59', 3),
(264, 251, 299, 3, 9, '2019-04-11 11:58:27', 8, '2019-04-11 11:58:27', NULL, '2019-04-11 11:58:33', 3),
(265, 252, 300, 3, 9, '2019-04-11 11:59:55', 8, '2019-04-11 11:59:55', NULL, '2019-04-11 12:00:02', 3),
(266, 264, 313, 2, 4, '2019-04-11 12:00:18', 1, '2019-04-11 12:00:18', NULL, '2019-04-11 12:00:24', 3),
(267, 253, 301, 3, 9, '2019-04-11 12:00:32', 8, '2019-04-11 12:00:32', NULL, '2019-04-11 12:00:39', 3),
(268, 254, 303, 3, 9, '2019-04-11 12:01:30', 8, '2019-04-11 12:01:30', NULL, '2019-04-11 12:01:36', 3),
(269, 256, 296, 3, 9, '2019-04-11 12:03:15', 8, '2019-04-11 12:02:02', NULL, '2019-04-11 12:03:22', 3),
(270, 255, 305, 3, 9, '2019-04-11 12:02:16', 8, '2019-04-11 12:02:16', NULL, '2019-04-11 12:02:22', 3),
(271, 257, 307, 3, 9, '2019-04-11 12:04:30', 8, '2019-04-11 12:04:30', NULL, '2019-04-11 12:04:37', 3),
(272, 258, 308, 3, 9, '2019-04-11 12:05:17', 8, '2019-04-11 12:05:17', NULL, '2019-04-11 12:05:24', 3),
(273, 265, 315, 2, 4, '2019-04-11 12:06:38', 1, '2019-04-11 12:05:53', NULL, '2019-04-11 12:06:44', 3),
(274, 267, 317, 3, 9, '2019-04-11 12:06:09', 8, '2019-04-11 12:06:09', 8, '2019-04-11 12:06:09', 3),
(275, 259, 310, 3, 9, '2019-04-11 12:07:06', 8, '2019-04-11 12:07:06', NULL, '2019-04-11 12:07:12', 3),
(276, 260, 309, 3, 9, '2019-04-11 12:08:02', 8, '2019-04-11 12:08:02', NULL, '2019-04-11 12:08:08', 3),
(277, 262, 311, 3, 9, '2019-04-11 12:08:42', 8, '2019-04-11 12:08:42', NULL, '2019-04-11 12:08:49', 3),
(278, 261, 318, 2, 4, '2019-04-11 12:08:52', 1, '2019-04-11 12:08:52', NULL, '2019-04-11 12:08:58', 3),
(279, 263, 312, 3, 9, '2019-04-11 12:09:19', 8, '2019-04-11 12:09:19', NULL, '2019-04-11 12:09:25', 3),
(280, 261, 319, 3, 9, '2019-04-11 12:10:59', 8, '2019-04-11 12:10:59', NULL, '2019-04-11 12:11:06', 3),
(281, 264, 314, 3, 9, '2019-04-11 12:14:57', 8, '2019-04-11 12:14:57', NULL, '2019-04-11 12:15:04', 3),
(282, 265, 320, 3, 9, '2019-04-11 12:19:04', 8, '2019-04-11 12:19:04', NULL, '2019-04-11 12:19:10', 3);

-- --------------------------------------------------------

--
-- Table structure for table `tb_caller_data`
--

CREATE TABLE `tb_caller_data` (
  `ids` int(11) NOT NULL,
  `caller_ids` int(11) NOT NULL COMMENT 'running',
  `que_ids` int(11) NOT NULL COMMENT 'รหัสคิว',
  `que_trans_ids` int(11) NOT NULL,
  `service_profile_id` int(11) NOT NULL COMMENT 'เซอร์วิสโปรไฟล์',
  `counter_service_id` int(11) NOT NULL COMMENT 'เคาท์เตอร์',
  `call_timestp` datetime NOT NULL COMMENT 'เวลาเรียก',
  `created_by` int(11) DEFAULT NULL COMMENT 'ผู้เรียก',
  `created_at` datetime DEFAULT NULL COMMENT 'เวลาบันทึก',
  `updated_by` int(11) DEFAULT NULL COMMENT 'ผู้แก้ไข',
  `updated_at` datetime DEFAULT NULL COMMENT 'เวลาแก้ไข',
  `call_status` int(11) NOT NULL COMMENT 'สถานะ'
) ENGINE=InnoDB DEFAULT CHARSET=utf8 ROW_FORMAT=COMPACT;

--
-- Dumping data for table `tb_caller_data`
--

INSERT INTO `tb_caller_data` (`ids`, `caller_ids`, `que_ids`, `que_trans_ids`, `service_profile_id`, `counter_service_id`, `call_timestp`, `created_by`, `created_at`, `updated_by`, `updated_at`, `call_status`) VALUES
(1, 1, 1, 1, 2, 4, '2018-08-17 10:42:19', 1, '2018-08-17 10:42:19', 1, '2018-08-17 10:42:36', 3),
(2, 2, 2, 2, 2, 4, '2018-08-17 10:42:25', 1, '2018-08-17 10:42:25', 1, '2018-08-17 10:42:43', 3),
(3, 3, 3, 3, 2, 4, '2018-08-17 10:42:29', 1, '2018-08-17 10:42:29', 1, '2018-08-17 10:42:50', 3),
(4, 4, 4, 4, 3, 9, '2018-08-17 10:43:21', 1, '2018-08-17 10:43:21', 1, '2018-08-17 10:43:29', 3),
(5, 5, 8, 5, 3, 9, '2018-08-17 10:43:21', 1, '2018-08-17 10:43:21', 1, '2018-08-17 10:43:37', 3),
(6, 6, 12, 6, 3, 9, '2018-08-17 10:43:21', 1, '2018-08-17 10:43:21', 1, '2018-08-17 10:43:45', 3),
(7, 7, 6, 10, 3, 9, '2018-08-17 10:51:55', 1, '2018-08-17 10:51:55', 1, '2018-08-17 10:52:02', 3),
(8, 8, 10, 11, 3, 9, '2018-08-17 10:51:55', 1, '2018-08-17 10:51:55', 1, '2018-08-17 10:52:10', 3),
(9, 9, 14, 12, 3, 9, '2018-08-17 10:51:55', 1, '2018-08-17 10:51:55', 1, '2018-08-17 10:52:17', 3),
(10, 10, 5, 7, 2, 4, '2018-08-17 10:52:29', 1, '2018-08-17 10:52:29', 1, '2018-08-17 10:52:36', 3),
(11, 11, 9, 8, 2, 4, '2018-08-17 10:52:32', 1, '2018-08-17 10:52:32', 1, '2018-08-17 10:52:43', 3),
(12, 12, 13, 9, 2, 4, '2018-08-17 10:52:35', 1, '2018-08-17 10:52:35', 1, '2018-08-17 10:52:50', 3),
(13, 13, 1, 16, 3, 9, '2018-08-17 10:53:44', 1, '2018-08-17 10:53:45', 1, '2018-08-17 10:53:52', 3),
(14, 14, 2, 17, 3, 9, '2018-08-17 10:53:45', 1, '2018-08-17 10:53:45', 1, '2018-08-17 10:53:59', 3),
(15, 15, 3, 18, 3, 9, '2018-08-17 10:53:45', 1, '2018-08-17 10:53:45', 1, '2018-08-17 10:54:06', 3),
(16, 16, 7, 13, 3, 9, '2018-08-17 10:54:44', 1, '2018-08-17 10:54:44', 1, '2018-08-17 10:54:51', 3),
(17, 17, 11, 14, 3, 9, '2018-08-17 10:54:44', 1, '2018-08-17 10:54:44', 1, '2018-08-17 10:54:58', 3),
(18, 18, 15, 15, 3, 9, '2018-08-17 10:54:44', 1, '2018-08-17 10:54:44', 1, '2018-08-17 10:55:05', 3),
(19, 19, 5, 19, 3, 9, '2018-08-17 10:55:12', 1, '2018-08-17 10:55:12', 1, '2018-08-17 10:55:19', 3),
(20, 20, 9, 20, 3, 9, '2018-08-17 10:55:12', 1, '2018-08-17 10:55:12', 1, '2018-08-17 10:55:26', 3),
(21, 21, 13, 21, 3, 9, '2018-08-17 10:55:12', 1, '2018-08-17 10:55:12', 1, '2018-08-17 10:55:34', 3),
(22, 1, 16, 22, 3, 9, '2018-08-20 23:00:16', 1, '2018-08-20 23:00:06', 1, '2018-08-20 23:00:16', 1),
(23, 2, 19, 23, 3, 9, '2018-08-27 13:05:24', 1, '2018-08-27 13:05:24', 1, '2018-08-27 13:05:24', 1),
(24, 3, 20, 26, 2, 4, '2018-08-27 21:41:16', 1, '2018-08-27 21:41:16', 1, '2018-08-27 21:41:16', 1),
(25, 4, 27, 29, 2, 4, '2018-08-27 21:57:59', 1, '2018-08-27 21:57:59', 1, '2018-08-27 21:57:59', 1),
(26, 5, 31, 30, 2, 6, '2018-09-20 10:39:05', 1, '2018-08-27 22:34:51', 1, '2018-09-20 10:39:15', 2),
(27, 6, 34, 36, 3, 10, '2018-10-14 21:30:44', 1, '2018-08-30 14:50:03', NULL, '2019-03-18 17:18:48', 3),
(28, 7, 38, 38, 3, 9, '2018-08-30 14:50:03', 1, '2018-08-30 14:50:03', NULL, '2019-03-18 17:14:51', 3),
(29, 8, 41, 39, 3, 9, '2018-08-30 14:50:03', 1, '2018-08-30 14:50:03', NULL, '2019-03-18 17:14:59', 3),
(30, 9, 39, 44, 3, 9, '2019-03-20 16:00:11', 1, '2018-08-30 14:53:07', 1, '2019-03-20 16:00:11', 1),
(31, 10, 32, 40, 3, 9, '2018-08-30 14:53:07', 1, '2018-08-30 14:53:07', 1, '2018-10-14 21:30:58', 2),
(32, 11, 35, 41, 3, 9, '2018-08-30 14:53:07', 1, '2018-08-30 14:53:07', NULL, '2019-03-18 17:15:18', 3),
(33, 12, 33, 42, 3, 9, '2018-10-14 21:30:38', 1, '2018-08-30 14:59:16', 1, '2018-10-14 21:30:53', 2),
(34, 13, 36, 43, 3, 9, '2018-08-30 14:59:16', 1, '2018-08-30 14:59:16', NULL, '2019-03-18 17:15:28', 3),
(35, 14, 42, 45, 3, 9, '2018-08-31 07:16:29', 1, '2018-08-31 07:16:29', 1, '2018-08-31 07:16:29', 3),
(36, 15, 43, 46, 3, 9, '2019-03-18 17:17:30', 1, '2019-03-18 17:17:30', NULL, '2019-03-18 17:20:29', 3),
(37, 16, 46, 47, 3, 9, '2019-03-20 15:59:29', 1, '2019-03-20 15:59:29', 1, '2019-03-20 15:59:29', 1),
(38, 17, 52, 48, 3, 9, '2019-04-09 13:13:48', 1, '2019-04-09 13:13:48', NULL, '2019-04-09 14:12:58', 3),
(39, 18, 53, 49, 3, 10, '2019-04-09 14:28:38', 1, '2019-04-09 14:13:38', NULL, '2019-04-09 14:28:47', 3),
(40, 19, 54, 50, 2, 4, '2019-04-09 14:34:37', 1, '2019-04-09 14:32:57', 1, '2019-04-09 14:34:37', 1),
(41, 20, 54, 51, 3, 9, '2019-04-09 14:47:17', 1, '2019-04-09 14:47:17', NULL, '2019-04-09 14:47:24', 3),
(42, 21, 56, 52, 3, 9, '2019-04-09 14:53:32', 1, '2019-04-09 14:53:32', NULL, '2019-04-09 14:53:39', 3),
(43, 22, 59, 54, 3, 9, '2019-04-09 15:29:26', 1, '2019-04-09 15:29:14', 1, '2019-04-09 15:29:26', 1),
(44, 23, 82, 56, 3, 9, '2019-04-10 17:14:58', 8, '2019-04-10 16:33:40', 8, '2019-04-10 17:15:04', 3),
(45, 24, 83, 57, 2, 4, '2019-04-10 17:13:26', 1, '2019-04-10 16:41:54', 8, '2019-04-10 17:14:01', 3),
(46, 25, 86, 58, 2, 4, '2019-04-10 17:16:15', 1, '2019-04-10 17:15:24', 8, '2019-04-10 17:16:21', 3),
(47, 26, 84, 59, 3, 9, '2019-04-10 17:15:59', 8, '2019-04-10 17:15:37', 8, '2019-04-10 17:16:06', 3),
(48, 27, 85, 61, 3, 9, '2019-04-10 17:19:15', 8, '2019-04-10 17:19:15', 8, '2019-04-10 17:19:22', 3),
(49, 28, 86, 63, 3, 9, '2019-04-10 17:21:57', 8, '2019-04-10 17:21:57', 8, '2019-04-10 17:22:03', 3),
(50, 29, 88, 62, 2, 4, '2019-04-10 17:23:04', 1, '2019-04-10 17:22:17', 8, '2019-04-10 17:23:10', 3),
(51, 30, 89, 64, 2, 4, '2019-04-10 17:24:04', 1, '2019-04-10 17:24:04', 8, '2019-04-10 17:24:10', 3),
(52, 31, 91, 65, 2, 4, '2019-04-10 17:26:28', 1, '2019-04-10 17:26:28', 8, '2019-04-10 17:26:34', 3),
(53, 32, 87, 66, 3, 9, '2019-04-10 17:27:21', 8, '2019-04-10 17:27:21', 8, '2019-04-10 17:27:27', 3),
(54, 33, 90, 67, 2, 4, '2019-04-10 17:28:32', 1, '2019-04-10 17:28:32', 8, '2019-04-10 17:28:38', 3),
(55, 34, 90, 68, 3, 9, '2019-04-10 17:30:11', 8, '2019-04-10 17:30:11', 8, '2019-04-10 17:30:18', 3),
(56, 35, 93, 70, 3, 9, '2019-04-10 17:42:17', 8, '2019-04-10 17:32:08', 8, '2019-04-10 17:42:23', 3),
(57, 36, 91, 69, 3, 9, '2019-04-10 17:33:13', 8, '2019-04-10 17:33:13', 8, '2019-04-10 17:33:19', 3),
(58, 37, 92, 71, 2, 4, '2019-04-10 17:37:10', 1, '2019-04-10 17:37:10', 8, '2019-04-10 17:37:16', 3),
(59, 38, 94, 72, 2, 4, '2019-04-10 17:39:30', 1, '2019-04-10 17:39:30', 8, '2019-04-10 17:39:36', 3),
(60, 39, 92, 73, 3, 9, '2019-04-10 17:39:30', 8, '2019-04-10 17:39:30', 8, '2019-04-10 17:39:43', 3),
(61, 40, 94, 74, 3, 9, '2019-04-10 17:41:15', 8, '2019-04-10 17:41:15', 8, '2019-04-10 17:41:21', 3),
(62, 41, 64, 55, 3, 9, '2019-04-10 17:43:19', 8, '2019-04-10 17:43:19', 8, '2019-04-10 17:43:19', 3),
(63, 42, 83, 60, 3, 9, '2019-04-10 17:43:25', 8, '2019-04-10 17:43:25', 8, '2019-04-10 17:43:25', 3),
(64, 43, 95, 75, 2, 4, '2019-04-10 17:51:24', 1, '2019-04-10 17:50:57', 8, '2019-04-10 17:51:30', 3),
(65, 44, 95, 76, 3, 9, '2019-04-10 17:52:44', 8, '2019-04-10 17:52:44', 8, '2019-04-10 17:52:50', 3),
(66, 45, 96, 77, 2, 4, '2019-04-10 17:55:59', 1, '2019-04-10 17:55:59', 8, '2019-04-10 17:56:05', 3),
(67, 46, 96, 78, 3, 9, '2019-04-10 17:56:58', 8, '2019-04-10 17:56:58', 8, '2019-04-10 17:57:04', 3),
(68, 47, 97, 79, 2, 4, '2019-04-10 17:58:21', 1, '2019-04-10 17:58:21', 8, '2019-04-10 17:58:27', 3),
(69, 48, 97, 80, 3, 9, '2019-04-10 18:03:38', 8, '2019-04-10 18:03:38', 8, '2019-04-10 18:03:44', 3),
(70, 49, 98, 81, 2, 4, '2019-04-10 18:03:49', 1, '2019-04-10 18:03:49', 8, '2019-04-10 18:03:55', 3),
(71, 50, 98, 82, 3, 9, '2019-04-10 18:05:21', 8, '2019-04-10 18:05:21', 8, '2019-04-10 18:05:28', 3),
(72, 51, 73, 83, 3, 9, '2019-04-10 18:07:34', 8, '2019-04-10 18:07:34', 8, '2019-04-10 18:07:34', 3),
(73, 52, 74, 84, 3, 9, '2019-04-10 18:07:47', 8, '2019-04-10 18:07:47', 8, '2019-04-10 18:07:47', 3),
(74, 53, 81, 85, 3, 9, '2019-04-10 18:07:50', 8, '2019-04-10 18:07:50', 8, '2019-04-10 18:07:50', 3),
(75, 54, 99, 86, 3, 9, '2019-04-10 18:08:18', 8, '2019-04-10 18:08:18', 8, '2019-04-10 18:08:18', 3),
(76, 55, 100, 87, 3, 9, '2019-04-10 18:23:10', 8, '2019-04-10 18:23:10', 8, '2019-04-10 18:23:17', 3),
(77, 56, 102, 88, 2, 4, '2019-04-10 18:39:35', 1, '2019-04-10 18:39:35', 8, '2019-04-10 18:39:42', 3),
(78, 57, 102, 89, 3, 9, '2019-04-10 18:41:34', 8, '2019-04-10 18:41:34', 8, '2019-04-10 18:41:40', 3),
(79, 58, 103, 90, 2, 4, '2019-04-10 18:42:29', 1, '2019-04-10 18:42:29', 8, '2019-04-10 18:42:36', 3),
(80, 59, 104, 91, 2, 4, '2019-04-10 18:45:54', 1, '2019-04-10 18:45:54', 8, '2019-04-10 18:46:00', 3),
(81, 60, 103, 95, 3, 9, '2019-04-10 18:46:43', 8, '2019-04-10 18:46:43', 8, '2019-04-10 18:46:50', 3),
(82, 61, 105, 92, 2, 4, '2019-04-10 18:47:22', 1, '2019-04-10 18:47:22', 8, '2019-04-10 18:47:29', 3),
(83, 62, 88, 93, 3, 9, '2019-04-10 18:47:27', 8, '2019-04-10 18:47:27', 8, '2019-04-10 18:47:36', 3),
(84, 63, 89, 94, 3, 9, '2019-04-10 18:48:11', 8, '2019-04-10 18:48:11', 8, '2019-04-10 18:48:18', 3),
(85, 64, 104, 96, 3, 9, '2019-04-10 18:48:46', 8, '2019-04-10 18:48:46', 8, '2019-04-10 18:48:53', 3),
(86, 65, 105, 98, 3, 9, '2019-04-10 18:49:32', 8, '2019-04-10 18:49:32', 8, '2019-04-10 18:49:38', 3),
(87, 66, 106, 97, 2, 4, '2019-04-10 18:49:43', 1, '2019-04-10 18:49:43', 8, '2019-04-10 18:49:50', 3),
(88, 67, 101, 99, 2, 4, '2019-04-10 18:51:10', 1, '2019-04-10 18:51:10', 8, '2019-04-10 18:51:17', 3),
(89, 68, 106, 100, 3, 9, '2019-04-10 18:51:18', 8, '2019-04-10 18:51:18', 8, '2019-04-10 18:51:24', 3),
(90, 69, 101, 102, 3, 9, '2019-04-10 18:53:28', 8, '2019-04-10 18:53:28', 8, '2019-04-10 18:53:34', 3),
(91, 70, 107, 101, 2, 4, '2019-04-10 18:55:15', 1, '2019-04-10 18:55:15', 8, '2019-04-10 18:55:21', 3),
(92, 71, 108, 103, 2, 4, '2019-04-10 19:00:00', 1, '2019-04-10 18:59:40', 8, '2019-04-10 19:00:06', 3),
(93, 72, 108, 104, 3, 9, '2019-04-10 19:01:40', 8, '2019-04-10 19:01:40', 8, '2019-04-10 19:01:47', 3),
(94, 73, 109, 105, 2, 4, '2019-04-10 19:07:10', 1, '2019-04-10 19:07:10', 8, '2019-04-10 19:07:17', 3),
(95, 74, 109, 106, 3, 9, '2019-04-10 19:08:59', 8, '2019-04-10 19:08:59', 8, '2019-04-10 19:09:05', 3),
(96, 75, 110, 107, 2, 4, '2019-04-10 19:11:12', 1, '2019-04-10 19:11:12', 8, '2019-04-10 19:11:19', 3),
(97, 76, 110, 108, 3, 9, '2019-04-10 19:12:04', 8, '2019-04-10 19:12:04', 8, '2019-04-10 19:12:11', 3),
(98, 77, 111, 109, 2, 4, '2019-04-10 19:14:52', 1, '2019-04-10 19:14:52', 8, '2019-04-10 19:14:58', 3),
(99, 78, 111, 110, 3, 9, '2019-04-10 19:16:59', 8, '2019-04-10 19:16:59', 8, '2019-04-10 19:17:05', 3),
(100, 79, 113, 111, 2, 4, '2019-04-10 19:23:00', 1, '2019-04-10 19:22:37', 8, '2019-04-10 19:23:06', 3),
(101, 80, 113, 113, 3, 9, '2019-04-10 19:24:46', 8, '2019-04-10 19:24:46', 8, '2019-04-10 19:24:52', 3),
(102, 81, 114, 112, 3, 9, '2019-04-10 19:25:21', 8, '2019-04-10 19:25:21', 8, '2019-04-10 19:25:28', 3),
(103, 82, 115, 114, 2, 4, '2019-04-10 19:36:57', 1, '2019-04-10 19:36:57', 8, '2019-04-10 19:37:04', 3),
(104, 83, 116, 115, 2, 4, '2019-04-10 19:38:06', 1, '2019-04-10 19:38:06', 8, '2019-04-10 19:38:12', 3),
(105, 84, 115, 116, 3, 9, '2019-04-10 19:38:19', 8, '2019-04-10 19:38:19', 8, '2019-04-10 19:38:25', 3),
(106, 85, 116, 117, 3, 9, '2019-04-10 19:39:49', 8, '2019-04-10 19:39:49', 8, '2019-04-10 19:39:55', 3),
(107, 86, 112, 118, 2, 4, '2019-04-10 19:44:10', 1, '2019-04-10 19:43:52', 8, '2019-04-10 19:44:16', 3),
(108, 87, 112, 119, 3, 9, '2019-04-10 19:45:50', 8, '2019-04-10 19:45:50', 8, '2019-04-10 19:45:57', 3),
(109, 88, 117, 120, 2, 4, '2019-04-10 19:58:10', 1, '2019-04-10 19:58:10', 8, '2019-04-10 19:58:16', 3),
(110, 89, 117, 121, 3, 9, '2019-04-10 19:58:50', 8, '2019-04-10 19:58:50', 8, '2019-04-10 19:58:50', 3),
(111, 90, 118, 122, 3, 9, '2019-04-10 20:00:35', 8, '2019-04-10 20:00:35', 8, '2019-04-10 20:00:41', 3),
(112, 91, 119, 123, 2, 4, '2019-04-10 20:03:42', 1, '2019-04-10 20:03:42', 8, '2019-04-10 20:03:48', 3),
(113, 92, 119, 124, 3, 9, '2019-04-10 20:07:03', 8, '2019-04-10 20:07:03', 8, '2019-04-10 20:07:09', 3),
(114, 93, 120, 125, 2, 4, '2019-04-10 20:10:10', 1, '2019-04-10 20:10:10', 8, '2019-04-10 20:10:17', 3),
(115, 94, 121, 127, 2, 4, '2019-04-10 20:13:28', 1, '2019-04-10 20:13:28', 8, '2019-04-10 20:13:35', 3),
(116, 95, 120, 126, 3, 9, '2019-04-10 20:16:12', 8, '2019-04-10 20:16:12', 8, '2019-04-10 20:16:12', 3),
(117, 96, 121, 128, 3, 9, '2019-04-10 20:16:17', 8, '2019-04-10 20:16:17', 8, '2019-04-10 20:16:24', 3),
(118, 97, 122, 129, 3, 9, '2019-04-10 20:17:25', 8, '2019-04-10 20:17:25', 8, '2019-04-10 20:17:31', 3),
(119, 98, 123, 131, 2, 4, '2019-04-10 20:20:12', 1, '2019-04-10 20:20:12', 8, '2019-04-10 20:20:18', 3),
(120, 99, 107, 130, 3, 9, '2019-04-10 20:25:21', 8, '2019-04-10 20:25:01', 8, '2019-04-10 20:25:27', 3),
(121, 100, 123, 132, 3, 9, '2019-04-10 20:26:34', 8, '2019-04-10 20:26:34', 8, '2019-04-10 20:26:40', 3),
(122, 101, 124, 133, 2, 4, '2019-04-10 20:28:11', 1, '2019-04-10 20:28:11', 8, '2019-04-10 20:28:18', 3),
(123, 102, 124, 134, 3, 9, '2019-04-10 20:29:47', 8, '2019-04-10 20:29:47', 8, '2019-04-10 20:29:53', 3),
(124, 103, 125, 135, 3, 9, '2019-04-10 20:30:31', 8, '2019-04-10 20:30:31', 8, '2019-04-10 20:30:38', 3);

-- --------------------------------------------------------

--
-- Table structure for table `tb_caller_status`
--

CREATE TABLE `tb_caller_status` (
  `caller_status_id` int(11) NOT NULL,
  `caller_status_name` varchar(255) NOT NULL
) ENGINE=InnoDB DEFAULT CHARSET=utf8 ROW_FORMAT=COMPACT;

--
-- Dumping data for table `tb_caller_status`
--

INSERT INTO `tb_caller_status` (`caller_status_id`, `caller_status_name`) VALUES
(1, 'กำลังเรียก'),
(2, 'พักคิว'),
(3, 'เรียกเสร็จ');

-- --------------------------------------------------------

--
-- Table structure for table `tb_counter_service`
--

CREATE TABLE `tb_counter_service` (
  `counter_service_id` int(11) NOT NULL COMMENT 'เลขที่บริการ',
  `counter_service_name` varchar(100) NOT NULL COMMENT 'ชื่อจุดบริการ',
  `counter_service_call_number` int(10) NOT NULL COMMENT 'หมายเลข',
  `counter_service_type_id` int(11) NOT NULL COMMENT 'ประเภทบริการ',
  `service_group_id` varchar(20) DEFAULT NULL COMMENT 'กลุ่มบริการ',
  `sound_station_id` int(11) DEFAULT NULL COMMENT 'เครื่องเล่นเสียงที่',
  `sound_id` int(11) DEFAULT NULL COMMENT 'เสียงเรียกหมายเลข',
  `sound_service_id` int(11) NOT NULL COMMENT 'เสียงเรียกบริการ',
  `counter_service_order` int(11) DEFAULT NULL COMMENT 'จัดเรียง',
  `counter_service_status` varchar(10) DEFAULT NULL COMMENT 'สถานะ'
) ENGINE=InnoDB DEFAULT CHARSET=utf8 ROW_FORMAT=COMPACT;

--
-- Dumping data for table `tb_counter_service`
--

INSERT INTO `tb_counter_service` (`counter_service_id`, `counter_service_name`, `counter_service_call_number`, `counter_service_type_id`, `service_group_id`, `sound_station_id`, `sound_id`, `sound_service_id`, `counter_service_order`, `counter_service_status`) VALUES
(1, 'ช่องบริการ 1', 1, 1, '1', 5, 3, 64, NULL, '1'),
(2, 'ช่องบริการ 2', 2, 1, '1', 5, 15, 64, NULL, '1'),
(3, 'ช่องบริการ 3', 3, 1, '1', 5, 25, 64, NULL, '1'),
(4, 'ช่องบริการ 7', 7, 2, '1', 5, 40, 64, NULL, '1'),
(9, 'ช่องบริการ 1', 1, 3, '1', 5, 3, 64, NULL, '1'),
(10, 'ช่องบริการ 2', 2, 3, '1', 5, 15, 64, NULL, '1'),
(11, 'ช่องบริการ 3', 3, 3, '1', 5, 25, 64, NULL, '1'),
(12, 'ช่องบริการ 4', 4, 3, '1', 5, 36, 64, NULL, '1');

-- --------------------------------------------------------

--
-- Table structure for table `tb_counter_service_type`
--

CREATE TABLE `tb_counter_service_type` (
  `counter_service_type_id` int(11) NOT NULL,
  `counter_service_type_name` varchar(50) NOT NULL COMMENT 'ประเภทบริการ'
) ENGINE=InnoDB DEFAULT CHARSET=utf8 ROW_FORMAT=COMPACT;

--
-- Dumping data for table `tb_counter_service_type`
--

INSERT INTO `tb_counter_service_type` (`counter_service_type_id`, `counter_service_type_name`) VALUES
(1, 'ห้องจ่ายยา'),
(2, 'ห้องการเงิน'),
(3, 'ห้องรับยา');

-- --------------------------------------------------------

--
-- Table structure for table `tb_display`
--

CREATE TABLE `tb_display` (
  `display_ids` int(11) NOT NULL,
  `display_name` varchar(255) NOT NULL COMMENT 'ชื่อจอแสดงผล',
  `page_length` int(11) NOT NULL COMMENT 'จำนวนแถวที่แสดง',
  `text_th_left` varchar(255) DEFAULT NULL,
  `text_th_right` varchar(255) DEFAULT NULL,
  `text_hold` varchar(100) DEFAULT NULL COMMENT 'ข้อความตารางพักคิว',
  `color_th_left` varchar(100) DEFAULT NULL,
  `color_th_right` varchar(100) DEFAULT NULL,
  `display_css` text DEFAULT NULL,
  `background_color` varchar(100) DEFAULT NULL COMMENT 'สีพื้นหลัง',
  `display_status` int(11) NOT NULL COMMENT 'สถานะ',
  `counter_service_id` varchar(255) NOT NULL COMMENT 'เคาท์เตอร์',
  `service_id` varchar(255) NOT NULL COMMENT 'ประเภทบริการ',
  `que_column_length` int(11) NOT NULL COMMENT 'จำนวนเลขคิวที่แสดง/แถว',
  `show_que_waitdrug` int(11) DEFAULT NULL COMMENT 'แสดงคิวรอยานาน'
) ENGINE=InnoDB DEFAULT CHARSET=utf8 ROW_FORMAT=COMPACT;

--
-- Dumping data for table `tb_display`
--

INSERT INTO `tb_display` (`display_ids`, `display_name`, `page_length`, `text_th_left`, `text_th_right`, `text_hold`, `color_th_left`, `color_th_right`, `display_css`, `background_color`, `display_status`, `counter_service_id`, `service_id`, `que_column_length`, `show_que_waitdrug`) VALUES
(1, 'แผนกรับยา', 2, 'หมายเลขคิว', 'ช่องรับยา', 'คิวที่เรียกไปแล้ว', '#ffffff', '#ffffff', '<pre class=\" css\" data-pbcklang=\"css\" data-pbcktabsize=\"4\">\r\n/*สีพื้นหลัง*/\r\nbody {\r\n    background-color: #7bed50;\r\n}\r\ntable#tb-display thead tr th.th-right {\r\n    border-top: 5px solid #ffffff !important;\r\n    border-bottom: 5px solid #ffffff !important;\r\n    border-right: 5px solid #ffffff !important;\r\n    border-top-right-radius: 10px;\r\n    border-bottom-right-radius: 10px;\r\n    /*font-size: 40px !important;*/\r\n}\r\n\r\ntable#tb-display thead tr th.th-left {\r\n    border-top: 5px solid #ffffff !important;\r\n    border-bottom: 5px solid #ffffff !important;\r\n    border-left: 5px solid #ffffff !important;\r\n    border-top-left-radius: 10px;\r\n    border-bottom-left-radius: 10px;\r\n    /*font-size: 40px !important;*/\r\n}\r\n\r\ntable#tb-display tbody tr td.td-left {\r\n    border-top: 2px solid #ffffff !important;\r\n    border-bottom: 2px solid #ffffff !important;\r\n    border-left: 2px solid #ffffff !important;\r\n    border-top-left-radius: 10px;\r\n    border-bottom-left-radius: 10px;\r\n    font-size: 100px !important;\r\n}\r\n\r\ntable#tb-display tbody tr td.td-right {\r\n    border-top: 2px solid #ffffff !important;\r\n    border-bottom: 2px solid #ffffff !important;\r\n    border-right: 2px solid #ffffff !important;\r\n    border-top-right-radius: 10px;\r\n    border-bottom-right-radius: 10px;\r\n    font-size: 120px !important;\r\n}\r\n/*background-color = สีพื้นหลังตารางส่วนหัว*/\r\n/*color = สีตัวอักษร*/\r\ntable#tb-display thead tr {\r\n    width: 50%;\r\n    border-radius: 15px;\r\n    border: 5px solid white;\r\n    background-color: #000000;\r\n    color: #ffffff;\r\n    font-weight: bold;\r\n}\r\n/*background-color = สีพื้นหลังแถว*/\r\n/*color = สีตัวอักษร*/\r\ntable#tb-display tbody tr {\r\n    width: 50%;\r\n    border-radius: 15px;\r\n    border: 2px solid white;\r\n    background-color: #90d9ef;\r\n    color: #000000;\r\n    font-weight: bold;\r\n}\r\ntable#tb-hold tbody tr td.td-left{\r\n    width: 40%;\r\n    border-top: 5px solid #ffffff !important;\r\n    border-bottom: 5px solid #ffffff !important;\r\n    border-right: 5px solid #ffffff !important;\r\n    border-left: 5px solid #ffffff !important;\r\n    border-top-right-radius: 10px;\r\n    border-bottom-right-radius: 10px;\r\n    border-top-left-radius: 10px;\r\n    border-bottom-left-radius: 10px;\r\n    background-color: #666666;\r\n    color: #000000;\r\n    vertical-align: middle;\r\n    font-size: 70px !important;\r\n}\r\n\r\ntable#tb-hold tbody tr td.td-right{\r\n    width: 60%;\r\n    border-top: 0px solid white !important;\r\n    color: yellow;\r\n    font-weight: bold;\r\n    vertical-align: middle;\r\n    /*font-size: 40px !important;*/\r\n}\r\n\r\ntable#tb-que-wait tbody tr td.td-left{\r\n    width: 40%;\r\n    border-top: 5px solid #ffffff !important;\r\n    border-bottom: 5px solid #ffffff !important;\r\n    border-right: 5px solid #ffffff !important;\r\n    border-left: 5px solid #ffffff !important;\r\n    border-top-right-radius: 10px;\r\n    border-bottom-right-radius: 10px;\r\n    border-top-left-radius: 10px;\r\n    border-bottom-left-radius: 10px;\r\n    background-color: #666666;\r\n    color: #ed5565;\r\n    vertical-align: middle;\r\n    /*font-size: 40px !important;*/\r\n}\r\n\r\ntable#tb-que-wait tbody tr td.td-right{\r\n    width: 60%;\r\n    border-top: 0px solid white !important;\r\n    color: #00;\r\n    font-weight: bold;\r\n    vertical-align: middle;\r\n    font-size: 70px !important;\r\n}\r\n\r\n.ribbon-wait {\r\n    color: #000000;\r\n    /*background-color: yellow;*/\r\n    font-size: 60px;\r\n}\r\n.ribbon-hold {\r\n    color: yellow;\r\n    /*background-color: yellow;*/\r\n    font-size: 40px;\r\n}</pre>\r\n', '#93c47d', 1, 'a:1:{i:0;s:1:\"3\";}', 'a:3:{i:0;s:1:\"1\";i:1;s:1:\"2\";i:2;s:1:\"3\";}', 2, 1),
(2, 'แผนกการเงิน', 2, 'หมายเลขคิว', 'ช่องการเงิน', 'คิวที่เรียกไปแล้ว', '#ffffff', '#ffffff', '<pre class=\" css\" data-pbcklang=\"css\" data-pbcktabsize=\"4\">\r\n/*สีพื้นหลัง*/\r\nbody {\r\n    background-color: #7bed50;\r\n}\r\ntable#tb-display thead tr th.th-right {\r\n    border-top: 5px solid #ffffff !important;\r\n    border-bottom: 5px solid #ffffff !important;\r\n    border-right: 5px solid #ffffff !important;\r\n    border-top-right-radius: 10px;\r\n    border-bottom-right-radius: 10px;\r\n    /*font-size: 40px !important;*/\r\n}\r\n\r\ntable#tb-display thead tr th.th-left {\r\n    border-top: 5px solid #ffffff !important;\r\n    border-bottom: 5px solid #ffffff !important;\r\n    border-left: 5px solid #ffffff !important;\r\n    border-top-left-radius: 10px;\r\n    border-bottom-left-radius: 10px;\r\n    /*font-size: 40px !important;*/\r\n}\r\n\r\ntable#tb-display tbody tr td.td-left {\r\n    border-top: 2px solid #ffffff !important;\r\n    border-bottom: 2px solid #ffffff !important;\r\n    border-left: 2px solid #ffffff !important;\r\n    border-top-left-radius: 10px;\r\n    border-bottom-left-radius: 10px;\r\n    font-size: 100px !important;\r\n}\r\n\r\ntable#tb-display tbody tr td.td-right {\r\n    border-top: 2px solid #ffffff !important;\r\n    border-bottom: 2px solid #ffffff !important;\r\n    border-right: 2px solid #ffffff !important;\r\n    border-top-right-radius: 10px;\r\n    border-bottom-right-radius: 10px;\r\n    font-size: 120px !important;\r\n}\r\n/*background-color = สีพื้นหลังตารางส่วนหัว*/\r\n/*color = สีตัวอักษร*/\r\ntable#tb-display thead tr {\r\n    width: 50%;\r\n    border-radius: 15px;\r\n    border: 5px solid white;\r\n    background-color: #000000;\r\n    color: #ffffff;\r\n    font-weight: bold;\r\n}\r\n/*background-color = สีพื้นหลังแถว*/\r\n/*color = สีตัวอักษร*/\r\ntable#tb-display tbody tr {\r\n    width: 50%;\r\n    border-radius: 15px;\r\n    border: 2px solid white;\r\n    background-color: #90d9ef;\r\n    color: #000000;\r\n    font-weight: bold;\r\n}\r\ntable#tb-hold tbody tr td.td-left{\r\n    width: 40%;\r\n    border-top: 5px solid #ffffff !important;\r\n    border-bottom: 5px solid #ffffff !important;\r\n    border-right: 5px solid #ffffff !important;\r\n    border-left: 5px solid #ffffff !important;\r\n    border-top-right-radius: 10px;\r\n    border-bottom-right-radius: 10px;\r\n    border-top-left-radius: 10px;\r\n    border-bottom-left-radius: 10px;\r\n    background-color: #666666;\r\n    color: #000000;\r\n    vertical-align: middle;\r\n    font-size: 70px !important;\r\n}\r\n\r\ntable#tb-hold tbody tr td.td-right{\r\n    width: 60%;\r\n    border-top: 0px solid white !important;\r\n    color: yellow;\r\n    font-weight: bold;\r\n    vertical-align: middle;\r\n    /*font-size: 40px !important;*/\r\n}\r\n\r\ntable#tb-que-wait tbody tr td.td-left{\r\n    width: 40%;\r\n    border-top: 5px solid #ffffff !important;\r\n    border-bottom: 5px solid #ffffff !important;\r\n    border-right: 5px solid #ffffff !important;\r\n    border-left: 5px solid #ffffff !important;\r\n    border-top-right-radius: 10px;\r\n    border-bottom-right-radius: 10px;\r\n    border-top-left-radius: 10px;\r\n    border-bottom-left-radius: 10px;\r\n    background-color: #666666;\r\n    color: #ed5565;\r\n    vertical-align: middle;\r\n    /*font-size: 40px !important;*/\r\n}\r\n\r\ntable#tb-que-wait tbody tr td.td-right{\r\n    width: 60%;\r\n    border-top: 0px solid white !important;\r\n    color: #00;\r\n    font-weight: bold;\r\n    vertical-align: middle;\r\n    font-size: 70px !important;\r\n}\r\n\r\n.ribbon-wait {\r\n    color: #000000;\r\n    /*background-color: yellow;*/\r\n    font-size: 60px;\r\n}\r\n.ribbon-hold {\r\n    color: yellow;\r\n    /*background-color: yellow;*/\r\n    font-size: 40px;\r\n}</pre>\r\n', '#1c4587', 1, 'a:1:{i:0;s:1:\"2\";}', 'a:3:{i:0;s:1:\"1\";i:1;s:1:\"2\";i:2;s:1:\"3\";}', 2, 0);

-- --------------------------------------------------------

--
-- Table structure for table `tb_qtrans`
--

CREATE TABLE `tb_qtrans` (
  `que_trans_ids` int(11) NOT NULL,
  `que_ids` int(11) NOT NULL COMMENT 'คิวไอดี',
  `created_at` datetime NOT NULL COMMENT 'วันที่สร้าง',
  `updated_at` datetime DEFAULT NULL COMMENT 'วันที่แก้ไข',
  `created_by` int(11) NOT NULL COMMENT 'ผู้บันทึก',
  `updated_by` int(11) DEFAULT NULL COMMENT 'ผู้แก้ไข',
  `que_trans_type` int(11) DEFAULT NULL,
  `que_trans_status` int(11) DEFAULT NULL COMMENT 'สถานะ'
) ENGINE=MyISAM DEFAULT CHARSET=utf8 ROW_FORMAT=FIXED;

--
-- Dumping data for table `tb_qtrans`
--

INSERT INTO `tb_qtrans` (`que_trans_ids`, `que_ids`, `created_at`, `updated_at`, `created_by`, `updated_by`, `que_trans_type`, `que_trans_status`) VALUES
(136, 126, '2019-04-11 08:41:25', '2019-04-11 10:52:28', 7, 1, 2, 1),
(137, 127, '2019-04-11 09:14:08', '2019-04-11 09:18:44', 8, 8, 2, 1),
(138, 129, '2019-04-11 09:26:05', '2019-04-11 09:28:12', 8, 1, 1, 1),
(139, 129, '2019-04-11 09:28:12', '2019-04-11 09:50:23', 1, 8, 2, 1),
(140, 130, '2019-04-11 09:35:56', '2019-04-11 09:50:33', 8, 1, 2, 1),
(141, 143, '2019-04-11 09:38:57', '2019-04-11 09:42:31', 8, 1, 1, 1),
(142, 143, '2019-04-11 09:42:31', '2019-04-11 09:43:29', 1, 8, 2, 1),
(143, 131, '2019-04-11 09:42:51', '2019-04-11 09:50:36', 8, 1, 2, 1),
(144, 132, '2019-04-11 09:45:11', '2019-04-11 09:46:32', 8, 1, 1, 1),
(145, 132, '2019-04-11 09:46:32', '2019-04-11 09:50:12', 1, 8, 2, 1),
(146, 133, '2019-04-11 09:46:45', '2019-04-11 09:49:06', 8, 1, 1, 1),
(147, 134, '2019-04-11 09:47:05', '2019-04-11 09:50:13', 8, 1, 2, 1),
(148, 133, '2019-04-11 09:49:06', '2019-04-11 10:31:03', 1, 1, 2, 1),
(149, 135, '2019-04-11 09:51:46', '2019-04-11 09:56:50', 8, 1, 2, 1),
(150, 136, '2019-04-11 09:52:13', '2019-04-11 10:43:57', 8, 8, 2, 1),
(151, 137, '2019-04-11 09:55:09', '2019-04-11 09:56:45', 8, 1, 2, 1),
(152, 138, '2019-04-11 09:56:36', '2019-04-11 10:08:31', 8, 1, 2, 1),
(153, 139, '2019-04-11 09:57:01', '2019-04-11 10:05:01', 8, 8, 2, 1),
(154, 140, '2019-04-11 10:00:11', '2019-04-11 10:03:48', 8, 8, 2, 1),
(155, 141, '2019-04-11 10:00:40', '2019-04-11 10:08:37', 8, 1, 2, 1),
(156, 142, '2019-04-11 10:02:07', '2019-04-11 10:04:53', 8, 1, 1, 1),
(157, 144, '2019-04-11 10:02:43', '2019-04-11 10:05:49', 8, 1, 1, 1),
(158, 154, '2019-04-11 10:03:18', '2019-04-11 10:04:27', 8, 8, 2, 1),
(159, 146, '2019-04-11 10:04:30', '2019-04-11 10:09:02', 8, 1, 1, 1),
(160, 142, '2019-04-11 10:04:53', '2019-04-11 10:08:41', 1, 1, 2, 1),
(161, 147, '2019-04-11 10:05:11', '2019-04-11 10:10:24', 8, 1, 1, 1),
(162, 156, '2019-04-11 10:05:45', '2019-04-11 10:12:02', 8, 1, 1, 1),
(163, 144, '2019-04-11 10:05:49', '2019-04-11 10:15:07', 1, 1, 2, 1),
(164, 157, '2019-04-11 10:06:45', '2019-04-11 10:08:50', 8, 8, 2, 1),
(165, 146, '2019-04-11 10:09:02', '2019-04-11 10:15:20', 1, 1, 2, 1),
(166, 145, '2019-04-11 10:09:18', '2019-04-11 10:15:13', 8, 1, 2, 1),
(167, 149, '2019-04-11 10:09:29', '2019-04-11 10:20:52', 8, 1, 2, 1),
(168, 150, '2019-04-11 10:09:37', '2019-04-11 10:20:56', 8, 1, 2, 1),
(169, 151, '2019-04-11 10:09:41', '2019-04-11 10:24:15', 8, 1, 2, 1),
(170, 152, '2019-04-11 10:09:48', '2019-04-11 10:28:40', 8, 1, 2, 1),
(171, 158, '2019-04-11 10:09:57', '2019-04-11 10:14:49', 8, 8, 2, 1),
(172, 147, '2019-04-11 10:10:24', '2019-04-11 10:16:11', 1, 1, 2, 1),
(173, 156, '2019-04-11 10:12:02', '2019-04-11 10:15:54', 1, 8, 2, 1),
(174, 148, '2019-04-11 10:16:48', '2019-04-11 10:18:12', 8, 1, 2, 1),
(175, 167, '2019-04-11 10:17:34', '2019-04-11 10:18:38', 8, 1, 1, 1),
(176, 176, '2019-04-11 10:17:51', '2019-04-11 10:19:08', 8, 8, 2, 1),
(177, 167, '2019-04-11 10:18:38', '2019-04-11 10:22:11', 1, 8, 2, 1),
(178, 170, '2019-04-11 10:20:46', '2019-04-11 10:21:45', 8, 1, 1, 1),
(179, 170, '2019-04-11 10:21:45', '2019-04-11 10:22:35', 1, 8, 2, 1),
(180, 153, '2019-04-11 10:26:06', '2019-04-11 10:27:25', 8, 1, 1, 1),
(181, 153, '2019-04-11 10:27:25', '2019-04-11 10:30:53', 1, 1, 2, 1),
(182, 155, '2019-04-11 10:28:27', '2019-04-11 10:31:09', 8, 8, 2, 1),
(183, 160, '2019-04-11 10:29:50', '2019-04-11 10:33:03', 1, 8, 2, 1),
(184, 159, '2019-04-11 10:30:23', '2019-04-11 10:35:08', 1, 1, 2, 1),
(185, 161, '2019-04-11 10:30:48', '2019-04-11 10:32:27', 1, 1, 1, 1),
(186, 162, '2019-04-11 10:32:25', '2019-04-11 10:33:25', 1, 1, 1, 1),
(187, 161, '2019-04-11 10:32:27', '2019-04-11 10:34:08', 1, 8, 2, 1),
(188, 162, '2019-04-11 10:33:25', '2019-04-11 10:37:45', 1, 1, 2, 1),
(191, 165, '2019-04-11 10:35:43', '2019-04-11 10:39:50', 1, 1, 2, 1),
(190, 164, '2019-04-11 10:34:38', '2019-04-11 10:38:52', 1, 1, 1, 1),
(192, 163, '2019-04-11 10:36:06', '2019-04-11 10:36:46', 1, 8, 2, 1),
(193, 169, '2019-04-11 10:36:46', '2019-04-11 10:38:06', 1, 1, 1, 1),
(194, 171, '2019-04-11 10:37:27', '2019-04-11 10:37:27', 1, 1, 1, 0),
(195, 169, '2019-04-11 10:38:06', '2019-04-11 10:39:03', 1, 8, 2, 1),
(196, 172, '2019-04-11 10:38:48', '2019-04-11 10:44:12', 1, 1, 2, 1),
(197, 164, '2019-04-11 10:38:52', '2019-04-11 10:40:19', 1, 8, 2, 1),
(198, 173, '2019-04-11 10:39:57', '2019-04-11 10:43:47', 1, 8, 2, 1),
(199, 166, '2019-04-11 10:40:41', '2019-04-11 10:41:44', 1, 8, 2, 1),
(200, 168, '2019-04-11 10:41:32', '2019-04-11 10:42:54', 1, 8, 2, 1),
(201, 174, '2019-04-11 10:41:54', '2019-04-11 10:44:24', 1, 1, 2, 1),
(202, 175, '2019-04-11 10:42:55', '2019-04-11 10:44:50', 1, 8, 2, 1),
(203, 177, '2019-04-11 10:43:54', '2019-04-11 10:52:18', 1, 1, 2, 1),
(204, 178, '2019-04-11 10:44:37', '2019-04-11 10:45:58', 1, 8, 2, 1),
(205, 179, '2019-04-11 10:45:26', '2019-04-11 10:46:29', 1, 1, 1, 1),
(207, 179, '2019-04-11 10:46:29', '2019-04-11 10:47:49', 1, 8, 2, 1),
(208, 180, '2019-04-11 10:46:41', '2019-04-11 10:48:14', 1, 1, 1, 1),
(209, 180, '2019-04-11 10:48:14', '2019-04-11 10:50:05', 1, 8, 2, 1),
(210, 183, '2019-04-11 10:48:21', '2019-04-11 10:53:58', 1, 1, 2, 1),
(211, 181, '2019-04-11 10:49:10', '2019-04-11 10:49:53', 8, 1, 1, 1),
(212, 182, '2019-04-11 10:49:24', '2019-04-11 10:50:42', 1, 1, 1, 1),
(213, 181, '2019-04-11 10:49:53', '2019-04-11 10:52:00', 1, 8, 2, 1),
(214, 184, '2019-04-11 10:50:23', '2019-04-11 10:54:53', 1, 8, 2, 1),
(215, 182, '2019-04-11 10:50:42', '2019-04-11 10:52:43', 1, 8, 2, 1),
(216, 192, '2019-04-11 10:51:05', '2019-04-11 10:54:14', 8, 1, 1, 1),
(217, 185, '2019-04-11 10:51:08', '2019-04-11 10:55:14', 1, 1, 2, 1),
(218, 186, '2019-04-11 10:51:38', '2019-04-11 10:56:15', 1, 1, 2, 1),
(219, 187, '2019-04-11 10:52:31', '2019-04-11 10:56:14', 1, 8, 2, 1),
(220, 188, '2019-04-11 10:52:53', '2019-04-11 10:55:23', 1, 1, 1, 1),
(221, 192, '2019-04-11 10:54:14', '2019-04-11 11:00:33', 1, 1, 2, 1),
(222, 188, '2019-04-11 10:55:23', '2019-04-11 10:56:31', 1, 1, 2, 1),
(223, 189, '2019-04-11 10:55:27', '2019-04-11 10:57:13', 1, 8, 2, 1),
(224, 190, '2019-04-11 10:55:56', '2019-04-11 10:58:46', 1, 1, 2, 1),
(225, 191, '2019-04-11 10:56:16', '2019-04-11 10:57:06', 1, 1, 1, 1),
(226, 193, '2019-04-11 10:56:50', '2019-04-11 11:00:27', 1, 1, 2, 1),
(227, 191, '2019-04-11 10:57:06', '2019-04-11 11:00:38', 1, 8, 2, 1),
(228, 194, '2019-04-11 10:57:17', '2019-04-11 11:01:47', 1, 1, 2, 1),
(229, 196, '2019-04-11 10:58:10', '2019-04-11 11:03:01', 1, 8, 2, 1),
(230, 197, '2019-04-11 11:00:22', '2019-04-11 11:02:43', 1, 1, 2, 1),
(231, 198, '2019-04-11 11:00:50', '2019-04-11 11:04:24', 1, 1, 2, 1),
(232, 199, '2019-04-11 11:01:22', '2019-04-11 11:04:03', 1, 8, 2, 1),
(233, 200, '2019-04-11 11:01:46', '2019-04-11 11:04:47', 1, 1, 2, 1),
(234, 201, '2019-04-11 11:02:21', '2019-04-11 11:04:02', 1, 1, 1, 1),
(235, 202, '2019-04-11 11:02:44', '2019-04-11 11:08:13', 1, 1, 2, 1),
(236, 204, '2019-04-11 11:03:25', '2019-04-11 11:06:35', 1, 8, 2, 1),
(237, 201, '2019-04-11 11:04:02', '2019-04-11 11:05:35', 1, 8, 2, 1),
(238, 206, '2019-04-11 11:04:07', '2019-04-11 11:08:33', 1, 8, 2, 1),
(239, 207, '2019-04-11 11:04:24', '2019-04-11 11:08:30', 1, 8, 2, 1),
(240, 208, '2019-04-11 11:04:36', '2019-04-11 11:10:35', 1, 1, 2, 1),
(241, 209, '2019-04-11 11:04:58', '2019-04-11 11:10:15', 1, 8, 2, 1),
(242, 210, '2019-04-11 11:05:55', '2019-04-11 11:11:14', 1, 8, 2, 1),
(243, 212, '2019-04-11 11:07:16', '2019-04-11 11:08:31', 1, 1, 1, 1),
(244, 213, '2019-04-11 11:08:06', '2019-04-11 11:12:29', 1, 8, 2, 1),
(245, 212, '2019-04-11 11:08:31', '2019-04-11 11:15:49', 1, 1, 2, 1),
(246, 214, '2019-04-11 11:08:42', '2019-04-11 11:10:17', 1, 1, 1, 1),
(247, 214, '2019-04-11 11:10:17', '2019-04-11 11:13:03', 1, 8, 2, 1),
(248, 215, '2019-04-11 11:10:59', '2019-04-11 11:13:49', 1, 8, 2, 1),
(249, 216, '2019-04-11 11:11:21', '2019-04-11 11:14:52', 1, 8, 2, 1),
(250, 217, '2019-04-11 11:11:49', '2019-04-11 11:12:52', 1, 1, 1, 1),
(251, 218, '2019-04-11 11:12:24', '2019-04-11 11:15:53', 1, 1, 2, 1),
(252, 217, '2019-04-11 11:12:52', '2019-04-11 11:15:40', 1, 8, 2, 1),
(253, 219, '2019-04-11 11:12:59', '2019-04-11 11:13:59', 1, 1, 1, 1),
(254, 219, '2019-04-11 11:13:59', '2019-04-11 11:17:32', 1, 8, 2, 1),
(255, 211, '2019-04-11 11:14:03', '2019-04-11 11:16:49', 1, 8, 2, 1),
(256, 220, '2019-04-11 11:14:41', '2019-04-11 11:17:44', 1, 1, 2, 1),
(257, 221, '2019-04-11 11:15:39', '2019-04-11 11:18:26', 1, 1, 2, 1),
(258, 222, '2019-04-11 11:16:30', '2019-04-11 11:18:29', 1, 8, 2, 1),
(259, 223, '2019-04-11 11:17:16', '2019-04-11 11:23:47', 1, 1, 1, 1),
(260, 224, '2019-04-11 11:17:57', '2019-04-11 11:23:03', 1, 1, 2, 1),
(261, 225, '2019-04-11 11:18:23', '2019-04-11 11:25:53', 1, 1, 1, 1),
(262, 226, '2019-04-11 11:19:15', '2019-04-11 11:21:59', 1, 1, 1, 1),
(263, 228, '2019-04-11 11:20:06', '2019-04-11 11:30:49', 1, 8, 2, 1),
(264, 229, '2019-04-11 11:21:30', '2019-04-11 11:27:05', 1, 1, 1, 1),
(265, 226, '2019-04-11 11:21:59', '2019-04-11 11:24:05', 1, 1, 2, 1),
(266, 230, '2019-04-11 11:22:41', '2019-04-11 11:32:30', 1, 8, 2, 1),
(267, 223, '2019-04-11 11:23:47', '2019-04-11 11:29:13', 1, 1, 2, 1),
(268, 233, '2019-04-11 11:24:07', '2019-04-11 11:34:00', 1, 8, 2, 1),
(269, 234, '2019-04-11 11:24:36', '2019-04-11 11:35:14', 1, 8, 2, 1),
(270, 235, '2019-04-11 11:25:28', '2019-04-11 11:35:59', 1, 8, 2, 1),
(271, 225, '2019-04-11 11:25:53', '2019-04-11 11:28:19', 1, 1, 2, 1),
(272, 236, '2019-04-11 11:26:13', '2019-04-11 11:36:33', 1, 8, 2, 1),
(273, 229, '2019-04-11 11:27:05', '2019-04-11 11:31:48', 1, 8, 2, 1),
(274, 237, '2019-04-11 11:28:30', '2019-04-11 11:37:59', 1, 8, 2, 1),
(278, 239, '2019-04-11 11:32:24', '2019-04-11 11:42:30', 1, 8, 2, 1),
(276, 231, '2019-04-11 11:29:51', '2019-04-11 11:31:17', 1, 1, 1, 1),
(277, 231, '2019-04-11 11:31:17', '2019-04-11 11:40:01', 1, 8, 2, 1),
(279, 240, '2019-04-11 11:32:49', '2019-04-11 11:35:21', 1, 1, 1, 1),
(280, 241, '2019-04-11 11:33:44', '2019-04-11 11:36:53', 1, 1, 1, 1),
(281, 242, '2019-04-11 11:35:15', '2019-04-11 11:45:54', 1, 8, 2, 1),
(282, 240, '2019-04-11 11:35:21', '2019-04-11 11:43:55', 1, 8, 2, 1),
(283, 243, '2019-04-11 11:36:08', '2019-04-11 11:47:08', 1, 8, 2, 1),
(284, 241, '2019-04-11 11:36:53', '2019-04-11 11:44:51', 1, 8, 2, 1),
(285, 232, '2019-04-11 11:37:36', '2019-04-11 11:48:23', 1, 8, 2, 1),
(286, 238, '2019-04-11 11:38:33', '2019-04-11 11:39:07', 1, 8, 2, 1),
(287, 248, '2019-04-11 11:40:18', '2019-04-11 11:43:28', 1, 1, 1, 1),
(288, 244, '2019-04-11 11:41:18', '2019-04-11 11:49:29', 1, 8, 2, 1),
(289, 245, '2019-04-11 11:41:44', '2019-04-11 11:44:01', 1, 1, 1, 1),
(290, 246, '2019-04-11 11:43:00', '2019-04-11 11:53:39', 1, 8, 2, 1),
(291, 247, '2019-04-11 11:43:27', '2019-04-11 11:55:49', 1, 8, 2, 1),
(292, 248, '2019-04-11 11:43:28', '2019-04-11 11:43:28', 1, 1, 2, 0),
(293, 245, '2019-04-11 11:44:01', '2019-04-11 11:52:18', 1, 8, 2, 1),
(294, 256, '2019-04-11 11:44:05', '2019-04-11 11:45:25', 1, 1, 1, 1),
(295, 249, '2019-04-11 11:44:45', '2019-04-11 11:46:42', 1, 1, 1, 1),
(296, 256, '2019-04-11 11:45:25', '2019-04-11 12:04:10', 1, 8, 2, 1),
(297, 250, '2019-04-11 11:46:21', '2019-04-11 11:48:46', 1, 1, 1, 1),
(298, 249, '2019-04-11 11:46:42', '2019-04-11 11:57:36', 1, 8, 2, 1),
(299, 251, '2019-04-11 11:47:06', '2019-04-11 11:59:47', 1, 8, 2, 1),
(300, 252, '2019-04-11 11:47:21', '2019-04-11 12:00:27', 1, 8, 2, 1),
(301, 253, '2019-04-11 11:48:13', '2019-04-11 12:01:34', 1, 8, 2, 1),
(302, 250, '2019-04-11 11:48:46', '2019-04-11 11:58:15', 1, 8, 2, 1),
(303, 254, '2019-04-11 11:48:55', '2019-04-11 12:01:51', 1, 8, 2, 1),
(305, 255, '2019-04-11 11:52:44', '2019-04-11 12:03:13', 1, 8, 2, 1),
(306, 258, '2019-04-11 11:53:28', '2019-04-11 11:54:45', 1, 1, 1, 1),
(307, 257, '2019-04-11 11:54:26', '2019-04-11 12:05:09', 1, 8, 2, 1),
(308, 258, '2019-04-11 11:54:45', '2019-04-11 12:05:51', 1, 8, 2, 1),
(309, 260, '2019-04-11 11:54:48', '2019-04-11 12:08:25', 1, 8, 2, 1),
(310, 259, '2019-04-11 11:55:34', '2019-04-11 12:07:34', 1, 8, 2, 1),
(311, 262, '2019-04-11 11:55:59', '2019-04-11 12:09:11', 1, 8, 2, 1),
(312, 263, '2019-04-11 11:56:17', '2019-04-11 12:10:18', 1, 8, 2, 1),
(313, 264, '2019-04-11 11:59:13', '2019-04-11 12:02:00', 1, 1, 1, 1),
(314, 264, '2019-04-11 12:02:00', '2019-04-11 12:17:27', 1, 8, 2, 1),
(315, 265, '2019-04-11 12:03:55', '2019-04-11 12:14:04', 1, 1, 1, 1),
(316, 266, '2019-04-11 12:05:54', '2019-04-11 12:05:54', 1, 1, 2, 0),
(317, 267, '2019-04-11 12:06:02', '2019-04-11 12:06:09', 8, 8, 2, 1),
(318, 261, '2019-04-11 12:08:17', '2019-04-11 12:10:26', 1, 1, 1, 1),
(319, 261, '2019-04-11 12:10:26', '2019-04-11 12:12:25', 1, 8, 2, 1),
(320, 265, '2019-04-11 12:14:04', '2019-04-11 12:14:04', 1, 1, 2, 0);

-- --------------------------------------------------------

--
-- Table structure for table `tb_qtrans_data`
--

CREATE TABLE `tb_qtrans_data` (
  `ids` int(11) NOT NULL,
  `que_trans_ids` int(11) NOT NULL,
  `que_ids` int(11) NOT NULL COMMENT 'คิวไอดี',
  `created_at` datetime NOT NULL COMMENT 'วันที่สร้าง',
  `updated_at` datetime DEFAULT NULL COMMENT 'วันที่แก้ไข',
  `created_by` int(11) NOT NULL COMMENT 'ผู้บันทึก',
  `updated_by` int(11) DEFAULT NULL COMMENT 'ผู้แก้ไข',
  `que_trans_type` int(11) DEFAULT NULL,
  `que_trans_status` int(11) DEFAULT NULL COMMENT 'สถานะ'
) ENGINE=MyISAM DEFAULT CHARSET=utf8 ROW_FORMAT=FIXED;

--
-- Dumping data for table `tb_qtrans_data`
--

INSERT INTO `tb_qtrans_data` (`ids`, `que_trans_ids`, `que_ids`, `created_at`, `updated_at`, `created_by`, `updated_by`, `que_trans_type`, `que_trans_status`) VALUES
(1, 1, 1, '2018-08-17 10:38:33', '2018-08-17 10:51:36', 1, 1, 1, 1),
(2, 2, 2, '2018-08-17 10:38:38', '2018-08-17 10:51:39', 1, 1, 1, 1),
(3, 3, 3, '2018-08-17 10:38:41', '2018-08-17 10:51:42', 1, 1, 1, 1),
(4, 4, 4, '2018-08-17 10:38:51', '2018-08-17 10:51:18', 1, 1, 2, 1),
(5, 5, 8, '2018-08-17 10:38:55', '2018-08-17 10:51:21', 1, 1, 2, 1),
(6, 6, 12, '2018-08-17 10:38:59', '2018-08-17 10:51:25', 1, 1, 2, 1),
(7, 7, 5, '2018-08-17 10:39:07', '2018-08-17 10:54:14', 1, 1, 1, 1),
(8, 8, 9, '2018-08-17 10:39:11', '2018-08-17 10:54:16', 1, 1, 1, 1),
(9, 9, 13, '2018-08-17 10:39:14', '2018-08-17 10:54:19', 1, 1, 1, 1),
(10, 10, 6, '2018-08-17 10:39:17', '2018-08-17 10:53:21', 1, 1, 2, 1),
(11, 11, 10, '2018-08-17 10:39:22', '2018-08-17 10:53:24', 1, 1, 2, 1),
(12, 12, 14, '2018-08-17 10:39:25', '2018-08-17 10:53:27', 1, 1, 2, 1),
(13, 13, 7, '2018-08-17 10:39:39', '2018-08-17 10:55:30', 1, 1, 2, 1),
(14, 14, 11, '2018-08-17 10:39:43', '2018-08-17 10:55:27', 1, 1, 2, 1),
(15, 15, 15, '2018-08-17 10:39:46', '2018-08-17 10:55:24', 1, 1, 2, 1),
(16, 16, 1, '2018-08-17 10:51:36', '2018-08-17 10:54:31', 1, 1, 2, 1),
(17, 17, 2, '2018-08-17 10:51:39', '2018-08-17 10:54:34', 1, 1, 2, 1),
(18, 18, 3, '2018-08-17 10:51:42', '2018-08-17 10:54:36', 1, 1, 2, 1),
(19, 19, 5, '2018-08-17 10:54:14', '2018-08-17 10:56:34', 1, 1, 2, 1),
(20, 20, 9, '2018-08-17 10:54:16', '2018-08-17 10:56:37', 1, 1, 2, 1),
(21, 21, 13, '2018-08-17 10:54:19', '2018-08-17 10:56:39', 1, 1, 2, 1),
(22, 22, 16, '2018-08-17 12:53:30', '2018-08-17 12:53:30', 1, 1, 2, 0),
(23, 23, 19, '2018-08-27 13:02:35', '2018-08-27 13:02:35', 1, 1, 2, 0),
(24, 24, 17, '2018-08-27 13:02:38', '2018-08-27 13:02:38', 1, 1, 2, 0),
(25, 25, 21, '2018-08-27 13:02:41', '2018-08-27 13:02:41', 1, 1, 2, 0),
(26, 26, 20, '2018-08-27 21:40:45', '2018-08-27 21:41:22', 1, 1, 1, 1),
(27, 27, 25, '2018-08-27 21:41:02', '2018-08-27 21:41:02', 1, 1, 2, 0),
(28, 28, 20, '2018-08-27 21:41:22', '2018-08-27 21:41:22', 1, 1, 2, 0),
(29, 29, 27, '2018-08-27 21:49:37', '2018-08-27 21:49:37', 1, 1, 1, 0),
(30, 30, 31, '2018-08-27 22:34:40', '2018-08-27 22:34:40', 1, 1, 1, 0),
(31, 36, 34, '2018-08-28 15:04:13', '2018-08-28 15:04:13', 1, 1, 2, 0),
(32, 39, 41, '2018-08-30 14:48:55', '2018-08-30 14:48:55', 1, 1, 2, 0),
(33, 37, 37, '2018-08-28 15:04:16', '2018-08-28 15:04:16', 1, 1, 1, 0),
(34, 38, 38, '2018-08-30 14:48:52', '2019-03-18 14:36:00', 1, 1, 2, 1),
(35, 40, 32, '2018-08-30 14:48:57', '2019-03-18 14:36:00', 1, 1, 2, 1),
(36, 41, 35, '2018-08-30 14:52:21', '2018-08-30 14:52:21', 1, 1, 2, 0),
(37, 42, 33, '2018-08-30 14:52:25', '2018-08-30 14:52:25', 1, 1, 2, 0),
(38, 43, 36, '2018-08-30 14:52:31', '2018-08-30 14:52:31', 1, 1, 2, 0),
(39, 44, 39, '2018-08-30 14:52:35', '2019-03-20 16:00:19', 1, 1, 2, 1),
(40, 45, 42, '2018-08-31 06:52:37', '2018-08-31 07:16:29', 1, 1, 2, 1),
(41, 46, 43, '2018-09-05 15:05:58', '2018-09-05 15:05:58', 1, 1, 2, 0),
(42, 47, 46, '2019-03-20 13:56:37', '2019-03-20 13:56:37', 1, 1, 2, 0),
(43, 48, 52, '2019-04-09 13:12:56', '2019-04-09 13:14:06', 1, 1, 2, 1),
(44, 49, 53, '2019-04-09 13:59:02', '2019-04-09 13:59:02', 1, 1, 2, 0),
(45, 50, 54, '2019-04-09 14:32:21', '2019-04-09 14:34:42', 1, 1, 1, 1),
(46, 51, 54, '2019-04-09 14:34:42', '2019-04-09 14:34:42', 1, 1, 2, 0),
(47, 52, 56, '2019-04-09 14:53:10', '2019-04-09 14:53:10', 1, 1, 2, 0),
(48, 53, 58, '2019-04-09 15:01:24', '2019-04-09 15:01:24', 1, 1, 1, 0),
(49, 54, 59, '2019-04-09 15:28:57', '2019-04-09 15:28:57', 1, 1, 2, 0),
(50, 55, 64, '2019-04-10 11:27:25', '2019-04-10 17:43:19', 1, 8, 2, 1),
(51, 56, 82, '2019-04-10 16:32:38', '2019-04-10 17:17:05', 8, 8, 2, 1),
(52, 57, 83, '2019-04-10 16:37:36', '2019-04-10 17:15:57', 8, 1, 1, 1),
(53, 58, 86, '2019-04-10 17:12:51', '2019-04-10 17:21:50', 8, 1, 1, 1),
(54, 59, 84, '2019-04-10 17:14:47', '2019-04-10 17:16:58', 8, 8, 2, 1),
(55, 60, 83, '2019-04-10 17:15:57', '2019-04-10 17:43:25', 1, 8, 2, 1),
(56, 61, 85, '2019-04-10 17:18:17', '2019-04-10 17:46:55', 8, 8, 2, 1),
(57, 62, 88, '2019-04-10 17:20:27', '2019-04-10 18:45:26', 8, 1, 1, 1),
(58, 63, 86, '2019-04-10 17:21:50', '2019-04-10 17:33:53', 1, 8, 2, 1),
(59, 64, 89, '2019-04-10 17:23:40', '2019-04-10 18:45:30', 8, 1, 1, 1),
(60, 65, 91, '2019-04-10 17:26:15', '2019-04-10 17:31:35', 8, 1, 1, 1),
(61, 66, 87, '2019-04-10 17:26:51', '2019-04-10 17:33:48', 8, 8, 2, 1),
(62, 67, 90, '2019-04-10 17:28:23', '2019-04-10 17:30:03', 8, 1, 1, 1),
(63, 68, 90, '2019-04-10 17:30:03', '2019-04-10 17:46:32', 1, 8, 2, 1),
(64, 69, 91, '2019-04-10 17:31:35', '2019-04-10 17:34:00', 1, 8, 2, 1),
(65, 70, 93, '2019-04-10 17:31:45', '2019-04-10 17:46:27', 8, 8, 2, 1),
(66, 71, 92, '2019-04-10 17:36:32', '2019-04-10 17:39:24', 8, 1, 1, 1),
(67, 72, 94, '2019-04-10 17:36:47', '2019-04-10 17:40:41', 8, 1, 1, 1),
(68, 73, 92, '2019-04-10 17:39:24', '2019-04-10 17:46:52', 1, 8, 2, 1),
(69, 74, 94, '2019-04-10 17:40:41', '2019-04-10 17:41:38', 1, 8, 2, 1),
(70, 75, 95, '2019-04-10 17:50:44', '2019-04-10 17:52:19', 8, 1, 1, 1),
(71, 76, 95, '2019-04-10 17:52:19', '2019-04-10 17:58:47', 1, 8, 2, 1),
(72, 77, 96, '2019-04-10 17:55:53', '2019-04-10 17:56:48', 8, 1, 1, 1),
(73, 78, 96, '2019-04-10 17:56:48', '2019-04-10 18:04:56', 1, 8, 2, 1),
(74, 79, 97, '2019-04-10 17:58:14', '2019-04-10 18:01:53', 8, 1, 1, 1),
(75, 80, 97, '2019-04-10 18:01:53', '2019-04-10 18:06:01', 1, 8, 2, 1),
(76, 81, 98, '2019-04-10 18:03:08', '2019-04-10 18:05:13', 8, 1, 1, 1),
(77, 82, 98, '2019-04-10 18:05:13', '2019-04-10 18:05:52', 1, 8, 2, 1),
(78, 83, 73, '2019-04-10 18:07:25', '2019-04-10 18:07:34', 8, 8, 2, 1),
(79, 84, 74, '2019-04-10 18:07:41', '2019-04-10 18:07:47', 8, 8, 2, 1),
(80, 85, 81, '2019-04-10 18:07:44', '2019-04-10 18:07:50', 8, 8, 2, 1),
(81, 86, 99, '2019-04-10 18:08:14', '2019-04-10 18:08:18', 8, 8, 2, 1),
(82, 87, 100, '2019-04-10 18:22:35', '2019-04-10 18:23:47', 8, 8, 2, 1),
(83, 88, 102, '2019-04-10 18:39:11', '2019-04-10 18:41:11', 8, 1, 1, 1),
(84, 89, 102, '2019-04-10 18:41:11', '2019-04-10 18:42:48', 1, 8, 2, 1),
(85, 90, 103, '2019-04-10 18:42:14', '2019-04-10 18:46:29', 8, 1, 1, 1),
(86, 91, 104, '2019-04-10 18:42:41', '2019-04-10 18:47:18', 8, 1, 1, 1),
(87, 92, 105, '2019-04-10 18:43:03', '2019-04-10 18:49:22', 8, 1, 1, 1),
(88, 93, 88, '2019-04-10 18:45:26', '2019-04-10 18:48:05', 1, 8, 2, 1),
(89, 94, 89, '2019-04-10 18:45:30', '2019-04-10 18:48:37', 1, 8, 2, 1),
(90, 95, 103, '2019-04-10 18:46:29', '2019-04-10 18:47:14', 1, 8, 2, 1),
(91, 96, 104, '2019-04-10 18:47:18', '2019-04-10 18:49:20', 1, 8, 2, 1),
(92, 97, 106, '2019-04-10 18:48:53', '2019-04-10 18:51:01', 8, 1, 1, 1),
(93, 98, 105, '2019-04-10 18:49:22', '2019-04-10 18:50:34', 1, 8, 2, 1),
(94, 99, 101, '2019-04-10 18:50:42', '2019-04-10 18:53:19', 8, 1, 1, 1),
(95, 100, 106, '2019-04-10 18:51:01', '2019-04-10 18:52:14', 1, 8, 2, 1),
(96, 101, 107, '2019-04-10 18:52:44', '2019-04-10 20:19:25', 8, 1, 1, 1),
(97, 102, 101, '2019-04-10 18:53:19', '2019-04-10 18:53:58', 1, 8, 2, 1),
(98, 103, 108, '2019-04-10 18:57:49', '2019-04-10 19:01:32', 8, 1, 1, 1),
(99, 104, 108, '2019-04-10 19:01:32', '2019-04-10 19:02:45', 1, 8, 2, 1),
(100, 105, 109, '2019-04-10 19:06:50', '2019-04-10 19:08:47', 8, 1, 1, 1),
(101, 106, 109, '2019-04-10 19:08:47', '2019-04-10 19:09:39', 1, 8, 2, 1),
(102, 107, 110, '2019-04-10 19:10:54', '2019-04-10 19:11:52', 8, 1, 1, 1),
(103, 108, 110, '2019-04-10 19:11:52', '2019-04-10 19:13:06', 1, 8, 2, 1),
(104, 109, 111, '2019-04-10 19:14:27', '2019-04-10 19:16:46', 8, 1, 1, 1),
(105, 110, 111, '2019-04-10 19:16:46', '2019-04-10 19:18:26', 1, 8, 2, 1),
(106, 111, 113, '2019-04-10 19:22:10', '2019-04-10 19:24:38', 8, 1, 1, 1),
(107, 112, 114, '2019-04-10 19:23:41', '2019-04-10 19:26:04', 8, 8, 2, 1),
(108, 113, 113, '2019-04-10 19:24:38', '2019-04-10 19:25:16', 1, 8, 2, 1),
(109, 114, 115, '2019-04-10 19:34:39', '2019-04-10 19:37:45', 8, 1, 1, 1),
(110, 115, 116, '2019-04-10 19:35:28', '2019-04-10 19:39:35', 8, 1, 1, 1),
(111, 116, 115, '2019-04-10 19:37:45', '2019-04-10 19:39:40', 1, 8, 2, 1),
(112, 117, 116, '2019-04-10 19:39:35', '2019-04-10 19:40:33', 1, 8, 2, 1),
(113, 118, 112, '2019-04-10 19:42:52', '2019-04-10 19:45:45', 8, 1, 1, 1),
(114, 119, 112, '2019-04-10 19:45:45', '2019-04-10 19:46:26', 1, 8, 2, 1),
(115, 120, 117, '2019-04-10 19:56:55', '2019-04-10 19:58:20', 8, 1, 1, 1),
(116, 121, 117, '2019-04-10 19:58:20', '2019-04-10 19:58:50', 1, 8, 2, 1),
(117, 122, 118, '2019-04-10 20:00:27', '2019-04-10 20:01:18', 8, 8, 2, 1),
(118, 123, 119, '2019-04-10 20:03:20', '2019-04-10 20:06:52', 8, 1, 1, 1),
(119, 124, 119, '2019-04-10 20:06:52', '2019-04-10 20:07:30', 1, 8, 2, 1),
(120, 125, 120, '2019-04-10 20:09:51', '2019-04-10 20:11:05', 8, 1, 1, 1),
(121, 126, 120, '2019-04-10 20:11:05', '2019-04-10 20:16:12', 1, 8, 2, 1),
(122, 127, 121, '2019-04-10 20:13:22', '2019-04-10 20:15:22', 8, 1, 1, 1),
(123, 128, 121, '2019-04-10 20:15:22', '2019-04-10 20:17:00', 1, 8, 2, 1),
(124, 129, 122, '2019-04-10 20:17:12', '2019-04-10 20:18:12', 8, 8, 2, 1),
(125, 130, 107, '2019-04-10 20:19:25', '2019-04-10 20:26:29', 1, 8, 2, 1),
(126, 131, 123, '2019-04-10 20:19:40', '2019-04-10 20:21:54', 8, 1, 1, 1),
(127, 132, 123, '2019-04-10 20:21:54', '2019-04-10 20:27:15', 1, 8, 2, 1),
(128, 133, 124, '2019-04-10 20:28:01', '2019-04-10 20:29:17', 8, 1, 1, 1),
(129, 134, 124, '2019-04-10 20:29:17', '2019-04-10 20:30:27', 1, 8, 2, 1),
(130, 135, 125, '2019-04-10 20:29:35', '2019-04-10 20:30:52', 8, 8, 2, 1);

-- --------------------------------------------------------

--
-- Table structure for table `tb_que`
--

CREATE TABLE `tb_que` (
  `que_ids` int(11) NOT NULL COMMENT 'running',
  `que_num` varchar(50) NOT NULL COMMENT 'หมายเลขคิว',
  `que_vn` varchar(50) DEFAULT NULL COMMENT 'Visit number ของผู้ป่วย',
  `que_hn` varchar(50) DEFAULT NULL COMMENT 'หมายเลข HN ผู้ป่วย',
  `pt_name` varchar(200) DEFAULT NULL COMMENT 'ชื่อผู้ป่วย',
  `service_id` int(11) NOT NULL COMMENT 'ประเภทบริการ',
  `service_group_id` int(11) NOT NULL COMMENT 'กลุ่มบริการ',
  `que_status` int(11) NOT NULL COMMENT 'สถานะ',
  `created_at` datetime NOT NULL COMMENT 'วันที่บันทึก',
  `updated_at` datetime DEFAULT NULL COMMENT 'วันที่แก้ไข',
  `created_by` int(11) NOT NULL COMMENT 'ผู้บันทึก',
  `updated_by` int(11) DEFAULT NULL COMMENT 'ผู้แก้ไข',
  `payment_at` datetime DEFAULT NULL COMMENT 'เวลาชำระเงินเสร็จ'
) ENGINE=InnoDB DEFAULT CHARSET=utf8 ROW_FORMAT=COMPACT;

--
-- Dumping data for table `tb_que`
--

INSERT INTO `tb_que` (`que_ids`, `que_num`, `que_vn`, `que_hn`, `pt_name`, `service_id`, `service_group_id`, `que_status`, `created_at`, `updated_at`, `created_by`, `updated_by`, `payment_at`) VALUES
(126, 'A001', NULL, NULL, NULL, 1, 1, 5, '2019-04-11 08:39:43', '2019-04-11 10:52:28', 1, 1, NULL),
(127, 'B001', NULL, NULL, NULL, 2, 1, 5, '2019-04-11 09:11:10', '2019-04-11 09:18:44', 1, 8, NULL),
(128, 'A002', NULL, NULL, NULL, 1, 1, 1, '2019-04-11 09:15:27', '2019-04-11 09:15:27', 1, 1, NULL),
(129, 'B002', NULL, NULL, NULL, 2, 1, 5, '2019-04-11 09:16:34', '2019-04-11 09:50:23', 1, 8, '2019-04-11 09:28:12'),
(130, 'B003', NULL, NULL, NULL, 2, 1, 5, '2019-04-11 09:21:09', '2019-04-11 09:50:33', 1, 1, NULL),
(131, 'D001', NULL, NULL, NULL, 4, 1, 5, '2019-04-11 09:21:59', '2019-04-11 09:50:36', 1, 1, NULL),
(132, 'D002', NULL, NULL, NULL, 4, 1, 5, '2019-04-11 09:22:27', '2019-04-11 09:50:12', 1, 8, '2019-04-11 09:46:32'),
(133, 'D003', NULL, NULL, NULL, 4, 1, 5, '2019-04-11 09:24:58', '2019-04-11 10:31:03', 1, 1, '2019-04-11 09:49:06'),
(134, 'D004', NULL, NULL, NULL, 4, 1, 5, '2019-04-11 09:25:19', '2019-04-11 09:50:13', 1, 1, NULL),
(135, 'D005', NULL, NULL, NULL, 4, 1, 5, '2019-04-11 09:26:03', '2019-04-11 09:56:50', 1, 1, NULL),
(136, 'D006', NULL, NULL, NULL, 4, 1, 5, '2019-04-11 09:26:21', '2019-04-11 10:43:57', 1, 8, NULL),
(137, 'D007', NULL, NULL, NULL, 4, 1, 5, '2019-04-11 09:27:25', '2019-04-11 09:56:45', 1, 1, NULL),
(138, 'B004', NULL, NULL, NULL, 2, 1, 5, '2019-04-11 09:28:27', '2019-04-11 10:08:31', 1, 1, NULL),
(139, 'D008', NULL, NULL, NULL, 4, 1, 5, '2019-04-11 09:28:50', '2019-04-11 10:05:01', 1, 8, NULL),
(140, 'D009', NULL, NULL, NULL, 4, 1, 5, '2019-04-11 09:30:05', '2019-04-11 10:03:48', 1, 8, NULL),
(141, 'D010', NULL, NULL, NULL, 4, 1, 5, '2019-04-11 09:30:52', '2019-04-11 10:08:37', 1, 1, NULL),
(142, 'D011', NULL, NULL, NULL, 4, 1, 5, '2019-04-11 09:31:21', '2019-04-11 10:08:41', 1, 1, '2019-04-11 10:04:53'),
(143, 'B005', NULL, NULL, NULL, 2, 1, 5, '2019-04-11 09:32:16', '2019-04-11 09:43:29', 1, 8, '2019-04-11 09:42:31'),
(144, 'D012', NULL, NULL, NULL, 4, 1, 5, '2019-04-11 09:33:01', '2019-04-11 10:15:07', 1, 1, '2019-04-11 10:05:49'),
(145, 'D013', NULL, NULL, NULL, 4, 1, 5, '2019-04-11 09:34:09', '2019-04-11 10:15:13', 1, 1, NULL),
(146, 'D014', NULL, NULL, NULL, 4, 1, 5, '2019-04-11 09:34:45', '2019-04-11 10:15:20', 1, 1, '2019-04-11 10:09:02'),
(147, 'D015', NULL, NULL, NULL, 4, 1, 5, '2019-04-11 09:35:17', '2019-04-11 10:16:11', 1, 1, '2019-04-11 10:10:24'),
(148, 'D016', NULL, NULL, NULL, 4, 1, 5, '2019-04-11 09:35:41', '2019-04-11 10:18:12', 1, 1, NULL),
(149, 'D017', NULL, NULL, NULL, 4, 1, 5, '2019-04-11 09:35:59', '2019-04-11 10:20:52', 1, 1, NULL),
(150, 'D018', NULL, NULL, NULL, 4, 1, 5, '2019-04-11 09:38:00', '2019-04-11 10:20:56', 1, 1, NULL),
(151, 'D019', NULL, NULL, NULL, 4, 1, 5, '2019-04-11 09:38:58', '2019-04-11 10:24:15', 1, 1, NULL),
(152, 'D020', NULL, NULL, NULL, 4, 1, 5, '2019-04-11 09:39:29', '2019-04-11 10:28:40', 1, 1, NULL),
(153, 'D021', NULL, NULL, NULL, 4, 1, 5, '2019-04-11 09:40:26', '2019-04-11 10:30:53', 1, 1, '2019-04-11 10:27:25'),
(154, 'B006', NULL, NULL, NULL, 2, 1, 5, '2019-04-11 09:41:05', '2019-04-11 10:04:27', 1, 8, NULL),
(155, 'D022', NULL, NULL, NULL, 4, 1, 5, '2019-04-11 09:41:41', '2019-04-11 10:31:09', 1, 8, NULL),
(156, 'A003', NULL, NULL, NULL, 1, 1, 5, '2019-04-11 09:42:14', '2019-04-11 10:15:54', 1, 8, '2019-04-11 10:12:02'),
(157, 'B007', NULL, NULL, NULL, 2, 1, 5, '2019-04-11 09:42:58', '2019-04-11 10:08:50', 1, 8, NULL),
(158, 'B008', NULL, NULL, NULL, 2, 1, 5, '2019-04-11 09:43:25', '2019-04-11 10:14:49', 1, 8, NULL),
(159, 'D023', NULL, NULL, NULL, 4, 1, 5, '2019-04-11 09:43:44', '2019-04-11 10:35:08', 1, 1, NULL),
(160, 'D024', NULL, NULL, NULL, 4, 1, 5, '2019-04-11 09:44:14', '2019-04-11 10:33:03', 1, 8, NULL),
(161, 'D025', NULL, NULL, NULL, 4, 1, 5, '2019-04-11 09:44:36', '2019-04-11 10:34:08', 1, 8, '2019-04-11 10:32:27'),
(162, 'D026', NULL, NULL, NULL, 4, 1, 5, '2019-04-11 09:45:03', '2019-04-11 10:37:45', 1, 1, '2019-04-11 10:33:25'),
(163, 'D027', NULL, NULL, NULL, 4, 1, 5, '2019-04-11 09:45:51', '2019-04-11 10:36:46', 1, 8, NULL),
(164, 'D028', NULL, NULL, NULL, 4, 1, 5, '2019-04-11 09:46:13', '2019-04-11 10:40:19', 1, 8, '2019-04-11 10:38:52'),
(165, 'D029', NULL, NULL, NULL, 4, 1, 5, '2019-04-11 09:48:59', '2019-04-11 10:39:50', 1, 1, NULL),
(166, 'D030', NULL, NULL, NULL, 4, 1, 5, '2019-04-11 09:50:21', '2019-04-11 10:41:44', 1, 8, NULL),
(167, 'B009', NULL, NULL, NULL, 2, 1, 5, '2019-04-11 09:51:57', '2019-04-11 10:22:11', 1, 8, '2019-04-11 10:18:38'),
(168, 'D031', NULL, NULL, NULL, 4, 1, 5, '2019-04-11 09:52:14', '2019-04-11 10:42:54', 1, 8, NULL),
(169, 'D032', NULL, NULL, NULL, 4, 1, 5, '2019-04-11 09:52:41', '2019-04-11 10:39:03', 1, 8, '2019-04-11 10:38:06'),
(170, 'B010', NULL, NULL, NULL, 2, 1, 5, '2019-04-11 09:53:07', '2019-04-11 10:22:35', 1, 8, '2019-04-11 10:21:45'),
(171, 'D033', NULL, NULL, NULL, 4, 1, 3, '2019-04-11 09:53:26', '2019-04-11 10:37:27', 1, 1, NULL),
(172, 'D034', NULL, NULL, NULL, 4, 1, 5, '2019-04-11 09:53:50', '2019-04-11 10:44:12', 1, 1, NULL),
(173, 'D035', NULL, NULL, NULL, 4, 1, 5, '2019-04-11 09:55:40', '2019-04-11 10:43:47', 1, 8, NULL),
(174, 'D036', NULL, NULL, NULL, 4, 1, 5, '2019-04-11 09:56:02', '2019-04-11 10:44:24', 1, 1, NULL),
(175, 'D037', NULL, NULL, NULL, 4, 1, 5, '2019-04-11 09:56:43', '2019-04-11 10:44:50', 1, 8, NULL),
(176, 'B011', NULL, NULL, NULL, 2, 1, 5, '2019-04-11 09:57:07', '2019-04-11 10:19:08', 1, 8, NULL),
(177, 'D038', NULL, NULL, NULL, 4, 1, 5, '2019-04-11 09:57:40', '2019-04-11 10:52:18', 1, 1, NULL),
(178, 'D039', NULL, NULL, NULL, 4, 1, 5, '2019-04-11 09:57:59', '2019-04-11 10:45:58', 1, 8, NULL),
(179, 'B012', NULL, NULL, NULL, 2, 1, 5, '2019-04-11 09:58:25', '2019-04-11 10:47:49', 1, 8, '2019-04-11 10:46:29'),
(180, 'D040', NULL, NULL, NULL, 4, 1, 5, '2019-04-11 09:58:51', '2019-04-11 10:50:05', 1, 8, '2019-04-11 10:48:14'),
(181, 'D041', NULL, NULL, NULL, 4, 1, 5, '2019-04-11 10:00:15', '2019-04-11 10:52:00', 1, 8, '2019-04-11 10:49:53'),
(182, 'D042', NULL, NULL, NULL, 4, 1, 5, '2019-04-11 10:00:34', '2019-04-11 10:52:43', 1, 8, '2019-04-11 10:50:42'),
(183, 'D043', NULL, NULL, NULL, 4, 1, 5, '2019-04-11 10:02:01', '2019-04-11 10:53:58', 1, 1, NULL),
(184, 'B013', NULL, NULL, NULL, 2, 1, 5, '2019-04-11 10:02:51', '2019-04-11 10:54:53', 1, 8, NULL),
(185, 'D044', NULL, NULL, NULL, 4, 1, 5, '2019-04-11 10:04:14', '2019-04-11 10:55:14', 1, 1, NULL),
(186, 'D045', NULL, NULL, NULL, 4, 1, 5, '2019-04-11 10:05:18', '2019-04-11 10:56:15', 1, 1, NULL),
(187, 'D046', NULL, NULL, NULL, 4, 1, 5, '2019-04-11 10:07:17', '2019-04-11 10:56:14', 1, 8, NULL),
(188, 'D047', NULL, NULL, NULL, 4, 1, 5, '2019-04-11 10:08:17', '2019-04-11 10:56:31', 1, 1, '2019-04-11 10:55:23'),
(189, 'D048', NULL, NULL, NULL, 4, 1, 5, '2019-04-11 10:08:29', '2019-04-11 10:57:13', 1, 8, NULL),
(190, 'D049', NULL, NULL, NULL, 4, 1, 5, '2019-04-11 10:09:49', '2019-04-11 10:58:46', 1, 1, NULL),
(191, 'B014', NULL, NULL, NULL, 2, 1, 5, '2019-04-11 10:10:21', '2019-04-11 11:00:38', 1, 8, '2019-04-11 10:57:06'),
(192, 'B015', NULL, NULL, NULL, 2, 1, 5, '2019-04-11 10:10:54', '2019-04-11 11:00:33', 1, 1, '2019-04-11 10:54:14'),
(193, 'D050', NULL, NULL, NULL, 4, 1, 5, '2019-04-11 10:11:15', '2019-04-11 11:00:27', 1, 1, NULL),
(194, 'B016', NULL, NULL, NULL, 2, 1, 5, '2019-04-11 10:14:11', '2019-04-11 11:01:47', 1, 1, NULL),
(196, 'D051', NULL, NULL, NULL, 4, 1, 5, '2019-04-11 10:14:51', '2019-04-11 11:03:01', 1, 8, NULL),
(197, 'D052', NULL, NULL, NULL, 4, 1, 5, '2019-04-11 10:19:19', '2019-04-11 11:02:43', 1, 1, NULL),
(198, 'D053', NULL, NULL, NULL, 4, 1, 5, '2019-04-11 10:20:22', '2019-04-11 11:04:24', 1, 1, NULL),
(199, 'D054', NULL, NULL, NULL, 4, 1, 5, '2019-04-11 10:22:43', '2019-04-11 11:04:03', 1, 8, NULL),
(200, 'D055', NULL, NULL, NULL, 4, 1, 5, '2019-04-11 10:23:21', '2019-04-11 11:04:47', 1, 1, NULL),
(201, 'D056', NULL, NULL, NULL, 4, 1, 5, '2019-04-11 10:23:33', '2019-04-11 11:05:35', 1, 8, '2019-04-11 11:04:02'),
(202, 'D057', NULL, NULL, NULL, 4, 1, 5, '2019-04-11 10:24:08', '2019-04-11 11:08:13', 1, 1, NULL),
(203, 'A004', NULL, NULL, NULL, 1, 1, 1, '2019-04-11 10:24:42', '2019-04-11 10:24:42', 1, 1, NULL),
(204, 'D058', NULL, NULL, NULL, 4, 1, 5, '2019-04-11 10:25:40', '2019-04-11 11:06:35', 1, 8, NULL),
(205, 'A005', NULL, NULL, NULL, 1, 1, 1, '2019-04-11 10:26:17', '2019-04-11 10:26:17', 1, 1, NULL),
(206, 'D059', NULL, NULL, NULL, 4, 1, 5, '2019-04-11 10:26:46', '2019-04-11 11:08:33', 1, 8, NULL),
(207, 'D060', NULL, NULL, NULL, 4, 1, 5, '2019-04-11 10:27:21', '2019-04-11 11:08:30', 1, 8, NULL),
(208, 'B018', NULL, NULL, NULL, 2, 1, 5, '2019-04-11 10:27:50', '2019-04-11 11:10:35', 1, 1, NULL),
(209, 'B019', NULL, NULL, NULL, 2, 1, 5, '2019-04-11 10:29:12', '2019-04-11 11:10:15', 1, 8, NULL),
(210, 'D061', NULL, NULL, NULL, 4, 1, 5, '2019-04-11 10:29:56', '2019-04-11 11:11:14', 1, 8, NULL),
(211, 'B020', NULL, NULL, NULL, 2, 1, 5, '2019-04-11 10:30:27', '2019-04-11 11:16:49', 1, 8, NULL),
(212, 'D062', NULL, NULL, NULL, 4, 1, 5, '2019-04-11 10:31:06', '2019-04-11 11:15:49', 1, 1, '2019-04-11 11:08:31'),
(213, 'D063', NULL, NULL, NULL, 4, 1, 5, '2019-04-11 10:31:34', '2019-04-11 11:12:29', 1, 8, NULL),
(214, 'D064', NULL, NULL, NULL, 4, 1, 5, '2019-04-11 10:32:00', '2019-04-11 11:13:03', 1, 8, '2019-04-11 11:10:17'),
(215, 'B021', NULL, NULL, NULL, 2, 1, 5, '2019-04-11 10:32:31', '2019-04-11 11:13:49', 1, 8, NULL),
(216, 'D065', NULL, NULL, NULL, 4, 1, 5, '2019-04-11 10:33:03', '2019-04-11 11:14:52', 1, 8, NULL),
(217, 'D066', NULL, NULL, NULL, 4, 1, 5, '2019-04-11 10:33:34', '2019-04-11 11:15:40', 1, 8, '2019-04-11 11:12:52'),
(218, 'D067', NULL, NULL, NULL, 4, 1, 5, '2019-04-11 10:33:58', '2019-04-11 11:15:53', 1, 1, NULL),
(219, 'B022', NULL, NULL, NULL, 2, 1, 5, '2019-04-11 10:34:38', '2019-04-11 11:17:32', 1, 8, '2019-04-11 11:13:59'),
(220, 'D068', NULL, NULL, NULL, 4, 1, 5, '2019-04-11 10:35:35', '2019-04-11 11:17:44', 1, 1, NULL),
(221, 'D069', NULL, NULL, NULL, 4, 1, 5, '2019-04-11 10:35:58', '2019-04-11 11:18:26', 1, 1, NULL),
(222, 'D070', NULL, NULL, NULL, 4, 1, 5, '2019-04-11 10:36:24', '2019-04-11 11:18:29', 1, 8, NULL),
(223, 'B023', NULL, NULL, NULL, 2, 1, 5, '2019-04-11 10:36:56', '2019-04-11 11:29:13', 1, 1, '2019-04-11 11:23:47'),
(224, 'D071', NULL, NULL, NULL, 4, 1, 5, '2019-04-11 10:37:35', '2019-04-11 11:23:03', 1, 1, NULL),
(225, 'D072', NULL, NULL, NULL, 4, 1, 5, '2019-04-11 10:37:57', '2019-04-11 11:28:19', 1, 1, '2019-04-11 11:25:53'),
(226, 'D073', NULL, NULL, NULL, 4, 1, 5, '2019-04-11 10:39:12', '2019-04-11 11:24:05', 1, 1, '2019-04-11 11:21:59'),
(227, 'B024', NULL, NULL, NULL, 2, 1, 1, '2019-04-11 10:41:31', '2019-04-11 10:41:31', 1, 1, NULL),
(228, 'D074', NULL, NULL, NULL, 4, 1, 5, '2019-04-11 10:42:34', '2019-04-11 11:30:49', 1, 8, NULL),
(229, 'B025', NULL, NULL, NULL, 2, 1, 5, '2019-04-11 10:47:28', '2019-04-11 11:31:48', 1, 8, '2019-04-11 11:27:05'),
(230, 'B026', NULL, NULL, NULL, 2, 1, 5, '2019-04-11 10:55:15', '2019-04-11 11:32:30', 1, 8, NULL),
(231, 'A006', NULL, NULL, NULL, 1, 1, 5, '2019-04-11 10:56:49', '2019-04-11 11:40:01', 1, 8, '2019-04-11 11:31:17'),
(232, 'A007', NULL, NULL, NULL, 1, 1, 5, '2019-04-11 11:02:08', '2019-04-11 11:48:23', 1, 8, NULL),
(233, 'B027', NULL, NULL, NULL, 2, 1, 5, '2019-04-11 11:02:37', '2019-04-11 11:34:00', 1, 8, NULL),
(234, 'B028', NULL, NULL, NULL, 2, 1, 5, '2019-04-11 11:03:51', '2019-04-11 11:35:14', 1, 8, NULL),
(235, 'B029', NULL, NULL, NULL, 2, 1, 5, '2019-04-11 11:04:17', '2019-04-11 11:35:59', 1, 8, NULL),
(236, 'B030', NULL, NULL, NULL, 2, 1, 5, '2019-04-11 11:06:28', '2019-04-11 11:36:33', 1, 8, NULL),
(237, 'D075', NULL, NULL, NULL, 4, 1, 5, '2019-04-11 11:09:37', '2019-04-11 11:37:59', 1, 8, NULL),
(238, 'B031', NULL, NULL, NULL, 2, 1, 5, '2019-04-11 11:17:49', '2019-04-11 11:39:07', 1, 8, NULL),
(239, 'B032', NULL, NULL, NULL, 2, 1, 5, '2019-04-11 11:18:48', '2019-04-11 11:42:30', 1, 8, NULL),
(240, 'B033', NULL, NULL, NULL, 2, 1, 5, '2019-04-11 11:19:35', '2019-04-11 11:43:55', 1, 8, '2019-04-11 11:35:21'),
(241, 'B034', NULL, NULL, NULL, 2, 1, 5, '2019-04-11 11:20:12', '2019-04-11 11:44:51', 1, 8, '2019-04-11 11:36:52'),
(242, 'B035', NULL, NULL, NULL, 2, 1, 5, '2019-04-11 11:22:57', '2019-04-11 11:45:54', 1, 8, NULL),
(243, 'B036', NULL, NULL, NULL, 2, 1, 5, '2019-04-11 11:23:23', '2019-04-11 11:47:08', 1, 8, NULL),
(244, 'B037', NULL, NULL, NULL, 2, 1, 5, '2019-04-11 11:26:04', '2019-04-11 11:49:29', 1, 8, NULL),
(245, 'B038', NULL, NULL, NULL, 2, 1, 5, '2019-04-11 11:28:57', '2019-04-11 11:52:18', 1, 8, '2019-04-11 11:44:01'),
(246, 'B039', NULL, NULL, NULL, 2, 1, 5, '2019-04-11 11:29:34', '2019-04-11 11:53:39', 1, 8, NULL),
(247, 'B040', NULL, NULL, NULL, 2, 1, 5, '2019-04-11 11:30:16', '2019-04-11 11:55:49', 1, 8, NULL),
(248, 'B041', NULL, NULL, NULL, 2, 1, 4, '2019-04-11 11:30:48', '2019-04-11 11:43:28', 1, 1, '2019-04-11 11:43:28'),
(249, 'B042', NULL, NULL, NULL, 2, 1, 5, '2019-04-11 11:31:07', '2019-04-11 11:57:36', 1, 8, '2019-04-11 11:46:42'),
(250, 'B043', NULL, NULL, NULL, 2, 1, 5, '2019-04-11 11:31:49', '2019-04-11 11:58:15', 1, 8, '2019-04-11 11:48:46'),
(251, 'B044', NULL, NULL, NULL, 2, 1, 5, '2019-04-11 11:33:09', '2019-04-11 11:59:47', 1, 8, NULL),
(252, 'B045', NULL, NULL, NULL, 2, 1, 5, '2019-04-11 11:33:34', '2019-04-11 12:00:27', 1, 8, NULL),
(253, 'B046', NULL, NULL, NULL, 2, 1, 5, '2019-04-11 11:34:28', '2019-04-11 12:01:34', 1, 8, NULL),
(254, 'B047', NULL, NULL, NULL, 2, 1, 5, '2019-04-11 11:34:54', '2019-04-11 12:01:51', 1, 8, NULL),
(255, 'B048', NULL, NULL, NULL, 2, 1, 5, '2019-04-11 11:36:33', '2019-04-11 12:03:13', 1, 8, NULL),
(256, 'B049', NULL, NULL, NULL, 2, 1, 5, '2019-04-11 11:37:42', '2019-04-11 12:04:10', 1, 8, '2019-04-11 11:45:25'),
(257, 'B050', NULL, NULL, NULL, 2, 1, 5, '2019-04-11 11:38:11', '2019-04-11 12:05:09', 1, 8, NULL),
(258, 'B051', NULL, NULL, NULL, 2, 1, 5, '2019-04-11 11:39:05', '2019-04-11 12:05:51', 1, 8, '2019-04-11 11:54:45'),
(259, 'B052', NULL, NULL, NULL, 2, 1, 5, '2019-04-11 11:39:54', '2019-04-11 12:07:34', 1, 8, NULL),
(260, 'B053', NULL, NULL, NULL, 2, 1, 5, '2019-04-11 11:40:07', '2019-04-11 12:08:25', 1, 8, NULL),
(261, 'B054', NULL, NULL, NULL, 2, 1, 5, '2019-04-11 11:41:55', '2019-04-11 12:12:25', 1, 8, '2019-04-11 12:10:26'),
(262, 'B055', NULL, NULL, NULL, 2, 1, 5, '2019-04-11 11:43:28', '2019-04-11 12:09:11', 1, 8, NULL),
(263, 'B056', NULL, NULL, NULL, 2, 1, 5, '2019-04-11 11:46:12', '2019-04-11 12:10:18', 1, 8, NULL),
(264, 'B057', NULL, NULL, NULL, 2, 1, 5, '2019-04-11 11:55:51', '2019-04-11 12:17:27', 1, 8, '2019-04-11 12:02:00'),
(265, 'B058', NULL, NULL, NULL, 2, 1, 4, '2019-04-11 12:00:42', '2019-04-11 12:14:04', 1, 1, '2019-04-11 12:14:04'),
(266, 'B059', NULL, NULL, NULL, 2, 1, 4, '2019-04-11 12:03:15', '2019-04-11 12:05:54', 1, 1, NULL),
(267, 'A008', NULL, NULL, NULL, 1, 1, 5, '2019-04-11 12:03:49', '2019-04-11 12:06:09', 1, 8, NULL),
(268, 'A009', NULL, NULL, NULL, 1, 1, 1, '2019-04-11 12:18:46', '2019-04-11 12:18:46', 1, 1, NULL);

-- --------------------------------------------------------

--
-- Table structure for table `tb_que_data`
--

CREATE TABLE `tb_que_data` (
  `ids` int(11) NOT NULL,
  `que_ids` int(11) NOT NULL COMMENT 'running',
  `que_num` varchar(50) NOT NULL COMMENT 'หมายเลขคิว',
  `que_vn` varchar(50) DEFAULT NULL COMMENT 'Visit number ของผู้ป่วย',
  `que_hn` varchar(50) DEFAULT NULL COMMENT 'หมายเลข HN ผู้ป่วย',
  `pt_name` varchar(200) DEFAULT NULL COMMENT 'ชื่อผู้ป่วย',
  `service_id` int(11) NOT NULL COMMENT 'ประเภทบริการ',
  `service_group_id` int(11) NOT NULL COMMENT 'กลุ่มบริการ',
  `que_status` int(11) NOT NULL COMMENT 'สถานะ',
  `created_at` datetime NOT NULL COMMENT 'วันที่บันทึก',
  `updated_at` datetime DEFAULT NULL COMMENT 'วันที่แก้ไข',
  `created_by` int(11) NOT NULL COMMENT 'ผู้บันทึก',
  `updated_by` int(11) DEFAULT NULL COMMENT 'ผู้แก้ไข',
  `payment_at` datetime DEFAULT NULL COMMENT 'เวลาชำระเงินเสร็จ'
) ENGINE=InnoDB DEFAULT CHARSET=utf8 ROW_FORMAT=COMPACT;

--
-- Dumping data for table `tb_que_data`
--

INSERT INTO `tb_que_data` (`ids`, `que_ids`, `que_num`, `que_vn`, `que_hn`, `pt_name`, `service_id`, `service_group_id`, `que_status`, `created_at`, `updated_at`, `created_by`, `updated_by`, `payment_at`) VALUES
(1, 1, 'A001', NULL, NULL, NULL, 1, 1, 5, '2018-08-17 10:37:19', '2018-08-17 10:54:31', 1, 1, '2018-08-17 10:51:36'),
(2, 2, 'B001', NULL, NULL, NULL, 2, 1, 5, '2018-08-17 10:37:23', '2018-08-17 10:54:34', 1, 1, '2018-08-17 10:51:38'),
(3, 3, 'C001', NULL, NULL, NULL, 3, 1, 5, '2018-08-17 10:37:26', '2018-08-17 10:54:36', 1, 1, '2018-08-17 10:51:42'),
(4, 4, 'A002', NULL, NULL, NULL, 1, 1, 5, '2018-08-17 10:37:29', '2018-08-17 10:51:18', 1, 1, NULL),
(5, 5, 'A003', NULL, NULL, NULL, 1, 1, 5, '2018-08-17 10:37:32', '2018-08-17 10:56:34', 1, 1, '2018-08-17 10:54:14'),
(6, 6, 'A004', NULL, NULL, NULL, 1, 1, 5, '2018-08-17 10:37:35', '2018-08-17 10:53:21', 1, 1, NULL),
(7, 7, 'A005', NULL, NULL, NULL, 1, 1, 5, '2018-08-17 10:37:39', '2018-08-17 10:55:30', 1, 1, NULL),
(8, 8, 'B002', NULL, NULL, NULL, 2, 1, 5, '2018-08-17 10:37:42', '2018-08-17 10:51:21', 1, 1, NULL),
(9, 9, 'B003', NULL, NULL, NULL, 2, 1, 5, '2018-08-17 10:37:45', '2018-08-17 10:56:37', 1, 1, '2018-08-17 10:54:16'),
(10, 10, 'B004', NULL, NULL, NULL, 2, 1, 5, '2018-08-17 10:37:49', '2018-08-17 10:53:24', 1, 1, NULL),
(11, 11, 'B005', NULL, NULL, NULL, 2, 1, 5, '2018-08-17 10:37:52', '2018-08-17 10:55:27', 1, 1, NULL),
(12, 12, 'C002', NULL, NULL, NULL, 3, 1, 5, '2018-08-17 10:37:55', '2018-08-17 10:51:25', 1, 1, NULL),
(13, 13, 'C003', NULL, NULL, NULL, 3, 1, 5, '2018-08-17 10:37:57', '2018-08-17 10:56:39', 1, 1, '2018-08-17 10:54:18'),
(14, 14, 'C004', NULL, NULL, NULL, 3, 1, 5, '2018-08-17 10:38:00', '2018-08-17 10:53:27', 1, 1, NULL),
(15, 15, 'C005', NULL, NULL, NULL, 3, 1, 5, '2018-08-17 10:38:03', '2018-08-17 10:55:24', 1, 1, NULL),
(16, 16, 'A001', NULL, NULL, NULL, 1, 1, 4, '2018-08-17 12:49:51', '2018-08-17 12:53:30', 1, 1, NULL),
(17, 17, 'B001', NULL, NULL, NULL, 2, 1, 4, '2018-08-21 12:18:13', '2018-08-27 13:02:38', 1, 1, NULL),
(18, 18, 'C001', NULL, NULL, NULL, 3, 1, 2, '2018-08-21 12:18:54', '2018-08-27 22:11:30', 1, 1, NULL),
(19, 19, 'A002', NULL, NULL, NULL, 1, 1, 4, '2018-08-21 12:19:07', '2018-08-27 13:02:35', 1, 1, NULL),
(20, 20, 'A003', NULL, NULL, NULL, 1, 1, 4, '2018-08-21 13:41:12', '2018-08-27 21:41:22', 1, 1, '2018-08-27 21:41:22'),
(21, 21, 'C002', NULL, NULL, NULL, 3, 1, 4, '2018-08-21 13:49:16', '2018-08-27 13:02:41', 1, 1, NULL),
(22, 25, 'A004', NULL, NULL, NULL, 1, 1, 4, '2018-08-21 17:02:15', '2018-08-27 21:41:02', 1, 1, NULL),
(23, 27, 'B002', NULL, NULL, NULL, 2, 1, 3, '2018-08-21 17:05:27', '2018-08-27 21:49:37', 1, 1, NULL),
(24, 28, 'A005', NULL, NULL, NULL, 1, 1, 1, '2018-08-27 13:02:18', '2018-08-27 13:02:18', 1, 1, NULL),
(25, 29, 'B003', NULL, NULL, NULL, 2, 1, 1, '2018-08-27 13:02:21', '2018-08-27 13:02:21', 1, 1, NULL),
(26, 30, 'C003', NULL, NULL, NULL, 3, 1, 1, '2018-08-27 13:02:24', '2018-08-27 13:02:24', 1, 1, NULL),
(27, 31, 'A001', NULL, NULL, NULL, 1, 1, 3, '2018-08-27 22:20:09', '2018-08-27 22:34:40', 1, 1, NULL),
(28, 32, 'B001', NULL, NULL, NULL, 2, 1, 5, '2018-08-27 22:20:13', '2019-03-18 14:36:00', 1, 1, NULL),
(29, 33, 'C001', NULL, NULL, NULL, 3, 1, 4, '2018-08-27 22:20:23', '2018-08-30 14:52:25', 1, 1, NULL),
(30, 34, 'A002', NULL, NULL, NULL, 1, 1, 4, '2018-08-28 10:08:02', '2018-08-28 15:04:13', 1, 1, NULL),
(31, 35, 'B002', NULL, NULL, NULL, 2, 1, 4, '2018-08-28 10:08:32', '2018-08-30 14:52:21', 1, 1, NULL),
(32, 36, 'C002', NULL, NULL, NULL, 3, 1, 4, '2018-08-28 10:08:37', '2018-08-30 14:52:31', 1, 1, NULL),
(33, 37, 'A003', NULL, NULL, NULL, 1, 1, 3, '2018-08-28 10:57:46', '2018-09-02 16:05:06', 1, 1, NULL),
(34, 38, 'A004', NULL, NULL, NULL, 1, 1, 5, '2018-08-28 10:58:07', '2019-03-18 14:36:00', 1, 1, NULL),
(35, 39, 'A005', NULL, NULL, NULL, 1, 1, 5, '2018-08-28 11:10:50', '2019-03-20 16:00:19', 1, 1, NULL),
(36, 40, 'C003', NULL, NULL, NULL, 3, 1, 2, '2018-08-28 15:03:43', '2018-08-28 15:04:20', 1, 1, NULL),
(37, 41, 'A006', NULL, NULL, NULL, 1, 1, 4, '2018-08-30 11:54:36', '2018-08-30 14:48:55', 1, 1, NULL),
(38, 42, 'B003', NULL, NULL, NULL, 2, 1, 5, '2018-08-30 11:54:53', '2018-09-05 09:27:45', 1, 1, NULL),
(39, 43, 'A007', NULL, NULL, NULL, 1, 1, 4, '2018-08-30 14:52:02', '2018-09-05 15:05:57', 1, 1, NULL),
(40, 44, 'B004', NULL, NULL, NULL, 2, 1, 1, '2018-08-30 14:52:05', '2018-08-30 14:52:05', 1, 1, NULL),
(41, 45, 'C004', NULL, NULL, NULL, 3, 1, 1, '2018-08-30 14:52:08', '2018-08-30 14:52:08', 1, 1, NULL),
(42, 46, 'A008', NULL, NULL, NULL, 1, 1, 4, '2018-08-31 07:22:40', '2019-03-20 13:56:37', 1, 1, NULL),
(43, 47, 'A009', NULL, NULL, NULL, 1, 1, 1, '2018-09-03 06:47:41', '2018-09-03 06:47:41', 1, 1, NULL),
(44, 48, 'C005', NULL, NULL, NULL, 3, 1, 1, '2018-09-04 06:36:52', '2018-09-04 06:36:52', 1, 1, NULL),
(45, 49, 'A010', NULL, NULL, NULL, 1, 1, 1, '2019-03-20 15:31:19', '2019-03-20 15:31:19', 1, 1, NULL),
(46, 50, 'A011', NULL, NULL, NULL, 1, 1, 1, '2019-03-20 15:42:04', '2019-03-20 15:42:04', 1, 1, NULL),
(47, 51, 'A012', NULL, NULL, NULL, 1, 1, 1, '2019-03-20 15:46:33', '2019-03-20 15:46:33', 1, 1, NULL),
(48, 52, 'A001', NULL, NULL, NULL, 1, 1, 5, '2019-04-09 13:02:37', '2019-04-09 13:14:06', 1, 1, NULL),
(49, 53, 'A002', NULL, NULL, NULL, 1, 1, 4, '2019-04-09 13:58:35', '2019-04-09 13:59:02', 1, 1, NULL),
(50, 54, 'A003', NULL, NULL, NULL, 1, 1, 4, '2019-04-09 14:07:59', '2019-04-09 14:34:42', 1, 1, '2019-04-09 14:34:42'),
(51, 55, 'A004', NULL, NULL, NULL, 1, 1, 1, '2019-04-09 14:26:27', '2019-04-09 14:26:27', 1, 1, NULL),
(52, 56, 'B001', NULL, NULL, NULL, 2, 1, 4, '2019-04-09 14:47:24', '2019-04-09 14:53:10', 1, 1, NULL),
(53, 57, 'B002', NULL, NULL, NULL, 2, 1, 1, '2019-04-09 14:47:54', '2019-04-09 14:47:54', 1, 1, NULL),
(54, 58, 'B003', NULL, NULL, NULL, 2, 1, 3, '2019-04-09 14:53:43', '2019-04-09 15:01:24', 1, 1, NULL),
(55, 59, 'A005', NULL, NULL, NULL, 1, 1, 4, '2019-04-09 15:05:56', '2019-04-09 15:28:57', 1, 1, NULL),
(56, 60, 'B004', NULL, NULL, NULL, 2, 1, 1, '2019-04-09 15:07:41', '2019-04-09 15:07:41', 1, 1, NULL),
(57, 61, 'A006', NULL, NULL, NULL, 1, 1, 1, '2019-04-09 15:09:08', '2019-04-09 15:09:08', 1, 1, NULL),
(58, 62, 'A007', NULL, NULL, NULL, 1, 1, 1, '2019-04-09 15:09:57', '2019-04-09 15:09:57', 1, 1, NULL),
(59, 63, 'C001', NULL, NULL, NULL, 3, 1, 1, '2019-04-09 15:43:56', '2019-04-09 15:43:56', 1, 1, NULL),
(60, 64, 'A001', NULL, NULL, NULL, 1, 1, 5, '2019-04-10 09:32:46', '2019-04-10 17:43:19', 1, 8, NULL),
(61, 73, 'D008', NULL, NULL, NULL, 4, 1, 5, '2019-04-10 10:35:26', '2019-04-10 18:07:34', 1, 8, NULL),
(62, 74, 'D009', NULL, NULL, NULL, 4, 1, 5, '2019-04-10 10:35:54', '2019-04-10 18:07:47', 1, 8, NULL),
(63, 81, 'D010', NULL, NULL, NULL, 4, 1, 5, '2019-04-10 16:15:19', '2019-04-10 18:07:50', 1, 8, NULL),
(64, 82, 'B003', NULL, NULL, NULL, 2, 1, 5, '2019-04-10 16:28:27', '2019-04-10 17:17:05', 1, 8, NULL),
(65, 83, 'B004', NULL, NULL, NULL, 2, 1, 5, '2019-04-10 16:35:17', '2019-04-10 17:43:25', 1, 8, '2019-04-10 17:15:57'),
(66, 84, 'B005', NULL, NULL, NULL, 2, 1, 5, '2019-04-10 17:05:09', '2019-04-10 17:16:58', 1, 8, NULL),
(67, 85, 'B006', NULL, NULL, NULL, 2, 1, 5, '2019-04-10 17:05:29', '2019-04-10 17:46:55', 1, 8, NULL),
(68, 86, 'B007', NULL, NULL, NULL, 2, 1, 5, '2019-04-10 17:06:48', '2019-04-10 17:33:53', 1, 8, '2019-04-10 17:21:50'),
(69, 87, 'B008', NULL, NULL, NULL, 2, 1, 5, '2019-04-10 17:09:11', '2019-04-10 17:33:48', 1, 8, NULL),
(70, 88, 'B009', NULL, NULL, NULL, 2, 1, 5, '2019-04-10 17:15:09', '2019-04-10 18:48:05', 1, 8, '2019-04-10 18:45:26'),
(71, 89, 'B010', NULL, NULL, NULL, 2, 1, 5, '2019-04-10 17:15:16', '2019-04-10 18:48:37', 1, 8, '2019-04-10 18:45:30'),
(72, 90, 'B011', NULL, NULL, NULL, 2, 1, 5, '2019-04-10 17:20:00', '2019-04-10 17:46:32', 1, 8, '2019-04-10 17:30:03'),
(73, 91, 'B012', NULL, NULL, NULL, 2, 1, 5, '2019-04-10 17:20:58', '2019-04-10 17:34:00', 1, 8, '2019-04-10 17:31:35'),
(74, 92, 'B013', NULL, NULL, NULL, 2, 1, 5, '2019-04-10 17:25:27', '2019-04-10 17:46:52', 1, 8, '2019-04-10 17:39:24'),
(75, 93, 'A002', NULL, NULL, NULL, 1, 1, 5, '2019-04-10 17:28:41', '2019-04-10 17:46:27', 1, 8, NULL),
(76, 94, 'B014', NULL, NULL, NULL, 2, 1, 5, '2019-04-10 17:28:56', '2019-04-10 17:41:38', 1, 8, '2019-04-10 17:40:41'),
(77, 95, 'B015', NULL, NULL, NULL, 2, 1, 5, '2019-04-10 17:47:39', '2019-04-10 17:58:47', 1, 8, '2019-04-10 17:52:19'),
(78, 96, 'B016', NULL, NULL, NULL, 2, 1, 5, '2019-04-10 17:50:27', '2019-04-10 18:04:56', 1, 8, '2019-04-10 17:56:48'),
(79, 97, 'B017', NULL, NULL, NULL, 2, 1, 5, '2019-04-10 17:50:40', '2019-04-10 18:06:01', 1, 8, '2019-04-10 18:01:53'),
(80, 98, 'B018', NULL, NULL, NULL, 2, 1, 5, '2019-04-10 18:01:05', '2019-04-10 18:05:52', 1, 8, '2019-04-10 18:05:13'),
(81, 99, 'B019', NULL, NULL, NULL, 2, 1, 5, '2019-04-10 18:07:58', '2019-04-10 18:08:18', 1, 8, NULL),
(82, 100, 'B020', NULL, NULL, NULL, 2, 1, 5, '2019-04-10 18:18:18', '2019-04-10 18:23:47', 1, 8, NULL),
(83, 101, 'A003', NULL, NULL, NULL, 1, 1, 5, '2019-04-10 18:31:44', '2019-04-10 18:53:58', 1, 8, '2019-04-10 18:53:19'),
(84, 102, 'B021', NULL, NULL, NULL, 2, 1, 5, '2019-04-10 18:32:23', '2019-04-10 18:42:48', 1, 8, '2019-04-10 18:41:11'),
(85, 103, 'B022', NULL, NULL, NULL, 2, 1, 5, '2019-04-10 18:34:32', '2019-04-10 18:47:14', 1, 8, '2019-04-10 18:46:29'),
(86, 104, 'B023', NULL, NULL, NULL, 2, 1, 5, '2019-04-10 18:36:28', '2019-04-10 18:49:20', 1, 8, '2019-04-10 18:47:18'),
(87, 105, 'B024', NULL, NULL, NULL, 2, 1, 5, '2019-04-10 18:39:13', '2019-04-10 18:50:34', 1, 8, '2019-04-10 18:49:22'),
(88, 106, 'B025', NULL, NULL, NULL, 2, 1, 5, '2019-04-10 18:46:36', '2019-04-10 18:52:14', 1, 8, '2019-04-10 18:51:01'),
(89, 107, 'B026', NULL, NULL, NULL, 2, 1, 5, '2019-04-10 18:50:55', '2019-04-10 20:26:29', 1, 8, '2019-04-10 20:19:25'),
(90, 108, 'B027', NULL, NULL, NULL, 2, 1, 5, '2019-04-10 18:56:21', '2019-04-10 19:02:45', 1, 8, '2019-04-10 19:01:32'),
(91, 109, 'B028', NULL, NULL, NULL, 2, 1, 5, '2019-04-10 19:04:50', '2019-04-10 19:09:39', 1, 8, '2019-04-10 19:08:47'),
(92, 110, 'B029', NULL, NULL, NULL, 2, 1, 5, '2019-04-10 19:09:54', '2019-04-10 19:13:06', 1, 8, '2019-04-10 19:11:52'),
(93, 111, 'B030', NULL, NULL, NULL, 2, 1, 5, '2019-04-10 19:13:17', '2019-04-10 19:18:26', 1, 8, '2019-04-10 19:16:46'),
(94, 112, 'B031', NULL, NULL, NULL, 2, 1, 5, '2019-04-10 19:16:37', '2019-04-10 19:46:26', 1, 8, '2019-04-10 19:45:45'),
(95, 113, 'B032', NULL, NULL, NULL, 2, 1, 5, '2019-04-10 19:19:34', '2019-04-10 19:25:16', 1, 8, '2019-04-10 19:24:38'),
(96, 114, 'B033', NULL, NULL, NULL, 2, 1, 5, '2019-04-10 19:22:22', '2019-04-10 19:26:04', 1, 8, NULL),
(97, 115, 'B034', NULL, NULL, NULL, 2, 1, 5, '2019-04-10 19:32:53', '2019-04-10 19:39:40', 1, 8, '2019-04-10 19:37:45'),
(98, 116, 'B035', NULL, NULL, NULL, 2, 1, 5, '2019-04-10 19:33:57', '2019-04-10 19:40:33', 1, 8, '2019-04-10 19:39:35'),
(99, 117, 'B036', NULL, NULL, NULL, 2, 1, 5, '2019-04-10 19:38:19', '2019-04-10 19:58:50', 1, 8, '2019-04-10 19:58:20'),
(100, 118, 'B037', NULL, NULL, NULL, 2, 1, 5, '2019-04-10 19:59:01', '2019-04-10 20:01:18', 1, 8, NULL),
(101, 119, 'B038', NULL, NULL, NULL, 2, 1, 5, '2019-04-10 20:01:52', '2019-04-10 20:07:30', 1, 8, '2019-04-10 20:06:52'),
(102, 120, 'B039', NULL, NULL, NULL, 2, 1, 5, '2019-04-10 20:07:27', '2019-04-10 20:16:12', 1, 8, '2019-04-10 20:11:04'),
(103, 121, 'B040', NULL, NULL, NULL, 2, 1, 5, '2019-04-10 20:12:09', '2019-04-10 20:17:00', 1, 8, '2019-04-10 20:15:22'),
(104, 122, 'B041', NULL, NULL, NULL, 2, 1, 5, '2019-04-10 20:14:05', '2019-04-10 20:18:12', 1, 8, NULL),
(105, 123, 'B042', NULL, NULL, NULL, 2, 1, 5, '2019-04-10 20:18:39', '2019-04-10 20:27:15', 1, 8, '2019-04-10 20:21:54'),
(106, 124, 'B043', NULL, NULL, NULL, 2, 1, 5, '2019-04-10 20:26:02', '2019-04-10 20:30:27', 1, 8, '2019-04-10 20:29:17'),
(107, 125, 'B044', NULL, NULL, NULL, 2, 1, 5, '2019-04-10 20:27:02', '2019-04-10 20:30:52', 1, 8, NULL);

-- --------------------------------------------------------

--
-- Table structure for table `tb_que_status`
--

CREATE TABLE `tb_que_status` (
  `que_status_id` int(11) NOT NULL,
  `que_status_name` varchar(255) NOT NULL COMMENT 'ชื่อสถานะ'
) ENGINE=InnoDB DEFAULT CHARSET=utf8 ROW_FORMAT=COMPACT;

--
-- Dumping data for table `tb_que_status`
--

INSERT INTO `tb_que_status` (`que_status_id`, `que_status_name`) VALUES
(1, 'รอตรวจสอบยา'),
(2, 'รอยานาน'),
(3, 'รอชำระเงิน'),
(4, 'รอรับยา'),
(5, 'เสร็จสิ้น');

-- --------------------------------------------------------

--
-- Table structure for table `tb_service`
--

CREATE TABLE `tb_service` (
  `service_id` int(11) NOT NULL,
  `service_name` varchar(255) NOT NULL COMMENT 'ชื่อบริการ',
  `service_group_id` int(11) NOT NULL COMMENT 'รหัสกลุ่มบริการ',
  `print_template_id` int(11) NOT NULL COMMENT 'แบบการพิมพ์บัตรคิว',
  `print_copy_qty` int(11) DEFAULT NULL COMMENT 'จำนวนพิมพ์/ครั้ง',
  `service_prefix` varchar(10) NOT NULL COMMENT 'ตัวอักษร/ตัวเลข นำหน้าคิว',
  `service_numdigit` int(10) NOT NULL COMMENT 'จำนวนหลักหมายเลขคิว',
  `service_status` varchar(10) DEFAULT NULL COMMENT 'สถานะคิว'
) ENGINE=InnoDB DEFAULT CHARSET=utf8 ROW_FORMAT=COMPACT;

--
-- Dumping data for table `tb_service`
--

INSERT INTO `tb_service` (`service_id`, `service_name`, `service_group_id`, `print_template_id`, `print_copy_qty`, `service_prefix`, `service_numdigit`, `service_status`) VALUES
(1, 'ยาด่วน', 1, 13, 2, 'A', 3, '1'),
(2, 'ยาทั่วไป', 1, 13, 2, 'B', 3, '1'),
(3, 'ยาคลินิกอายุรกรรม', 1, 13, 2, 'C', 3, '1'),
(4, 'ยาคลินิกโรคเรื้อรัง', 1, 13, 2, 'D', 3, '1');

-- --------------------------------------------------------

--
-- Table structure for table `tb_service_group`
--

CREATE TABLE `tb_service_group` (
  `service_group_id` int(11) NOT NULL COMMENT 'รหัสกลุ่มบริการ',
  `service_group_name` varchar(255) NOT NULL COMMENT 'ชื่อกลุ่มบริการ',
  `service_group_status` int(11) NOT NULL COMMENT 'สถานะ'
) ENGINE=InnoDB DEFAULT CHARSET=utf8 ROW_FORMAT=COMPACT;

--
-- Dumping data for table `tb_service_group`
--

INSERT INTO `tb_service_group` (`service_group_id`, `service_group_name`, `service_group_status`) VALUES
(1, 'ห้องยา', 1);

-- --------------------------------------------------------

--
-- Table structure for table `tb_service_profile`
--

CREATE TABLE `tb_service_profile` (
  `service_profile_id` int(11) NOT NULL,
  `service_profile_name` varchar(100) NOT NULL COMMENT 'ชื่อโปรไฟล์',
  `counter_service_type_id` int(11) NOT NULL COMMENT 'เคาท์เตอร์',
  `service_id` text NOT NULL COMMENT 'เซอร์วิสบริการ',
  `service_profile_status` int(11) NOT NULL COMMENT 'สถานะ'
) ENGINE=InnoDB DEFAULT CHARSET=utf8 ROW_FORMAT=COMPACT;

--
-- Dumping data for table `tb_service_profile`
--

INSERT INTO `tb_service_profile` (`service_profile_id`, `service_profile_name`, `counter_service_type_id`, `service_id`, `service_profile_status`) VALUES
(1, 'ตรวจสอบยา', 1, 'a:4:{i:0;s:1:\"1\";i:1;s:1:\"2\";i:2;s:1:\"3\";i:3;s:1:\"4\";}', 1),
(2, 'การเงิน', 2, 'a:4:{i:0;s:1:\"1\";i:1;s:1:\"2\";i:2;s:1:\"3\";i:3;s:1:\"4\";}', 1),
(3, 'รับยา', 3, 'a:4:{i:0;s:1:\"1\";i:1;s:1:\"2\";i:2;s:1:\"3\";i:3;s:1:\"4\";}', 1);

-- --------------------------------------------------------

--
-- Table structure for table `tb_sound`
--

CREATE TABLE `tb_sound` (
  `sound_id` int(11) NOT NULL,
  `sound_name` varchar(255) NOT NULL COMMENT 'ชื่อไฟล์',
  `sound_path_name` varchar(255) NOT NULL COMMENT 'โฟรเดอร์ไฟล์',
  `sound_th` varchar(255) DEFAULT NULL COMMENT 'เสียงเรียก',
  `sound_type` int(11) DEFAULT NULL COMMENT 'ประเภทเสียง'
) ENGINE=InnoDB DEFAULT CHARSET=utf8 ROW_FORMAT=COMPACT;

--
-- Dumping data for table `tb_sound`
--

INSERT INTO `tb_sound` (`sound_id`, `sound_name`, `sound_path_name`, `sound_th`, `sound_type`) VALUES
(1, 'BLIP.wav', 'Prompt1', 'บี๊บ', 1),
(2, 'Prompt1_0.wav', 'Prompt1', 'ศูนย์', 1),
(3, 'Prompt1_1.wav', 'Prompt1', 'หนึ่ง', 1),
(4, 'Prompt1_10.wav', 'Prompt1', 'สิบ', 1),
(5, 'Prompt1_100.wav', 'Prompt1', 'ร้อย', 1),
(6, 'Prompt1_1000.wav', 'Prompt1', 'พัน', 1),
(7, 'Prompt1_11.wav', 'Prompt1', 'สิบเอ็ด', 1),
(8, 'Prompt1_13.wav', 'Prompt1', 'สิบสาม', 1),
(9, 'Prompt1_14.wav', 'Prompt1', 'สิบสี่', 1),
(10, 'Prompt1_15.wav', 'Prompt1', 'สิบห้า', 1),
(11, 'Prompt1_16.wav', 'Prompt1', 'สิบหก', 1),
(12, 'Prompt1_17.wav', 'Prompt1', 'สิบเจ็ด', 1),
(13, 'Prompt1_18.wav', 'Prompt1', 'สิบแปด', 1),
(14, 'Prompt1_19.wav', 'Prompt1', 'สิบเก้า', 1),
(15, 'Prompt1_2.wav', 'Prompt1', 'สอง', 1),
(16, 'Prompt1_20.wav', 'Prompt1', 'ยี่สิบ', 1),
(17, 'Prompt1_21.wav', 'Prompt1', 'ยี่สิบเอ็ด', 1),
(18, 'Prompt1_22.wav', 'Prompt1', 'ยี่สิบสอง', 1),
(19, 'Prompt1_23.wav', 'Prompt1', 'ยี่สิบสาม', 1),
(20, 'Prompt1_24.wav', 'Prompt1', 'ยี่สิบสี่', 1),
(21, 'Prompt1_25.wav', 'Prompt1', 'ยี่สิบห้า', 1),
(22, 'Prompt1_26.wav', 'Prompt1', 'ยี่สิบหก', 1),
(23, 'Prompt1_27.wav', 'Prompt1', 'ยี่สิบเจ็ด', 1),
(24, 'Prompt1_29.wav', 'Prompt1', 'ยี่สิบเก้า', 1),
(25, 'Prompt1_3.wav', 'Prompt1', 'สาม', 1),
(26, 'Prompt1_30.wav', 'Prompt1', 'สามสิบ', 1),
(27, 'Prompt1_31.wav', 'Prompt1', 'สามสิบเอ็ด', 1),
(28, 'Prompt1_32.wav', 'Prompt1', 'สามสิบสอง', 1),
(29, 'Prompt1_33.wav', 'Prompt1', 'สามสิบสาม', 1),
(30, 'Prompt1_34.wav', 'Prompt1', 'สามสิบสี่', 1),
(31, 'Prompt1_35.wav', 'Prompt1', 'สามสิบห้า', 1),
(32, 'Prompt1_36.wav', 'Prompt1', 'สามสิบหก', 1),
(33, 'Prompt1_37.wav', 'Prompt1', 'สามสิบเจ็ด', 1),
(34, 'Prompt1_38.wav', 'Prompt1', 'สามสิบแปด', 1),
(35, 'Prompt1_39.wav', 'Prompt1', 'สามสิบเก้า', 1),
(36, 'Prompt1_4.wav', 'Prompt1', 'สี่', 1),
(37, 'Prompt1_40.wav', 'Prompt1', 'สี่สิบ', 1),
(38, 'Prompt1_5.wav', 'Prompt1', 'ห้า', 1),
(39, 'Prompt1_6.wav', 'Prompt1', 'หก', 1),
(40, 'Prompt1_7.wav', 'Prompt1', 'เจ็ด', 1),
(41, 'Prompt1_8.wav', 'Prompt1', 'แปด', 1),
(42, 'Prompt1_9.wav', 'Prompt1', 'เก้า', 1),
(43, 'Prompt1_A.wav', 'Prompt1', 'เอ', 1),
(44, 'Prompt1_B.wav', 'Prompt1', 'บี', 1),
(45, 'Prompt1_C.wav', 'Prompt1', 'ซี', 1),
(46, 'Prompt1_D.wav', 'Prompt1', 'ดี', 1),
(47, 'Prompt1_E.wav', 'Prompt1', 'อี', 1),
(48, 'Prompt1_F.wav', 'Prompt1', 'เอฟ', 1),
(49, 'Prompt1_G.wav', 'Prompt1', 'จี', 1),
(50, 'Prompt1_H.wav', 'Prompt1', 'เอช', 1),
(51, 'Prompt1_I.wav', 'Prompt1', 'ไอ', 1),
(52, 'Prompt1_J.wav', 'Prompt1', 'เจ', 1),
(53, 'Prompt1_K.wav', 'Prompt1', 'เค', 1),
(54, 'Prompt1_L.wav', 'Prompt1', 'แอล', 1),
(55, 'Prompt1_M.wav', 'Prompt1', 'เอ็ม', 1),
(56, 'Prompt1_N.wav', 'Prompt1', 'เอ็น', 1),
(57, 'Prompt1_Number.wav', 'Prompt1', 'หมายเลข', 1),
(58, 'Prompt1_O.wav', 'Prompt1', 'โอ', 1),
(59, 'Prompt1_P.wav', 'Prompt1', 'พี', 1),
(60, 'Prompt1_Q.wav', 'Prompt1', 'คิว', 1),
(61, 'Prompt1_R.wav', 'Prompt1', 'อาร์', 1),
(62, 'Prompt1_S.wav', 'Prompt1', 'เอส', 1),
(63, 'Prompt1_Service.wav', 'Prompt1', 'ที่ช่อง', 1),
(64, 'Prompt1_Service0.wav', 'Prompt1', 'ที่ช่อง', 1),
(65, 'Prompt1_Service1.wav', 'Prompt1', 'ที่ช่องการเงิน', 1),
(66, 'Prompt1_Service2.wav', 'Prompt1', 'ที่ห้องตรวจ', 1),
(67, 'Prompt1_Service3.wav', 'Prompt1', 'ที่ช่องรับยา', 1),
(68, 'Prompt1_Service4.wav', 'Prompt1', 'ที่โต๊ะอายุรกรรม', 1),
(69, 'Prompt1_Service5.wav', 'Prompt1', 'ที่โต๊ะเบาหวาน', 1),
(70, 'Prompt1_Service6.wav', 'Prompt1', 'ที่โต๊ะ', 1),
(71, 'Prompt1_Service7.wav', 'Prompt1', 'ที่ห้องแพทย์', 1),
(72, 'Prompt1_Service8.wav', 'Prompt1', 'ที่โต๊ะซักประวัติ', 1),
(73, 'Prompt1_Sir.wav', 'Prompt1', 'ค่ะ', 1),
(74, 'Prompt1_T.wav', 'Prompt1', 'ที', 1),
(75, 'Prompt1_U.wav', 'Prompt1', 'ยู', 1),
(76, 'Prompt1_V.wav', 'Prompt1', 'วี', 1),
(77, 'Prompt1_W.wav', 'Prompt1', 'ดับเบิลยู', 1),
(78, 'Prompt1_X.wav', 'Prompt1', 'เอกซ์', 1),
(79, 'Prompt1_Y.wav', 'Prompt1', 'วาย', 1),
(80, 'Prompt1_Z.wav', 'Prompt1', 'แซด', 1),
(81, 'Prompt1_to.wav', 'Prompt1', 'ถึง', 1),
(82, 'please.wav', 'Prompt1', 'เชิญหมายเลข', 1),
(83, 'BLIP.WAV', 'Prompt2', 'บี๊บ', 2),
(84, 'Prompt2_0.wav', 'Prompt2', 'ศูนย์', 2),
(85, 'Prompt2_1.wav', 'Prompt2', 'หนึ่ง', 2),
(86, 'Prompt2_10.wav', 'Prompt2', 'สิบ', 2),
(87, 'Prompt2_100.wav', 'Prompt2', 'ร้อย', 2),
(88, 'Prompt2_1000.wav', 'Prompt2', 'พัน', 2),
(89, 'Prompt2_11.wav', 'Prompt2', 'สิบเอ็ด', 2),
(90, 'Prompt2_2.wav', 'Prompt2', 'สอง', 2),
(91, 'Prompt2_20.wav', 'Prompt2', 'ยี่สิบ', 2),
(92, 'Prompt2_3.wav', 'Prompt2', 'สาม', 2),
(93, 'Prompt2_4.wav', 'Prompt2', 'สี่', 2),
(94, 'Prompt2_5.wav', 'Prompt2', 'ห้า', 2),
(95, 'Prompt2_6.wav', 'Prompt2', 'หก', 2),
(96, 'Prompt2_7.wav', 'Prompt2', 'เจ็ด', 2),
(97, 'Prompt2_8.wav', 'Prompt2', 'แปด', 2),
(98, 'Prompt2_9.wav', 'Prompt2', 'เก้า', 2),
(99, 'Prompt2_A.wav', 'Prompt2', 'เอ', 2),
(100, 'Prompt2_B.wav', 'Prompt2', 'บี', 2),
(101, 'Prompt2_C.wav', 'Prompt2', 'ซี', 2),
(102, 'Prompt2_D.wav', 'Prompt2', 'ดี', 2),
(103, 'Prompt2_E.wav', 'Prompt2', 'อี', 2),
(104, 'Prompt2_F.wav', 'Prompt2', 'เอฟ', 2),
(105, 'Prompt2_G.wav', 'Prompt2', 'จี', 2),
(106, 'Prompt2_Number.wav', 'Prompt2', 'หมายเลข', 2),
(107, 'Prompt2_Q.wav', 'Prompt2', 'คิว', 2),
(108, 'Prompt2_Service.wav', 'Prompt2', 'ที่ช่อง', 2),
(109, 'Prompt2_Service0.wav', 'Prompt2', 'ที่ช่อง', 2),
(110, 'Prompt2_Service1.wav', 'Prompt2', 'ที่ช่องการเงิน', 2),
(111, 'Prompt2_Service2.wav', 'Prompt2', 'ที่ห้องตรวจ', 2),
(112, 'Prompt2_Service3.wav', 'Prompt2', 'ที่ช่องรับยา', 2),
(113, 'Prompt2_Service4.wav', 'Prompt2', 'ที่โต๊ะอายุรกรรม', 2),
(114, 'Prompt2_Service5.wav', 'Prompt2', 'ที่โต๊ะเบาหวาน', 2),
(115, 'Prompt2_Service6.wav', 'Prompt2', 'ที่โต๊ะ', 2),
(116, 'Prompt2_Sir.wav', 'Prompt2', 'ครับ', 2),
(117, 'Prompt1_12.wav', 'Prompt1', 'สิบสอง', 1);

-- --------------------------------------------------------

--
-- Table structure for table `tb_sound_station`
--

CREATE TABLE `tb_sound_station` (
  `sound_station_id` int(11) NOT NULL,
  `sound_station_name` varchar(255) NOT NULL COMMENT 'ชื่อ',
  `counter_service_id` text NOT NULL COMMENT 'จุดบริการ',
  `sound_station_status` int(11) NOT NULL COMMENT 'สถานะ'
) ENGINE=InnoDB DEFAULT CHARSET=utf8 ROW_FORMAT=COMPACT;

--
-- Dumping data for table `tb_sound_station`
--

INSERT INTO `tb_sound_station` (`sound_station_id`, `sound_station_name`, `counter_service_id`, `sound_station_status`) VALUES
(5, 'โปรแกรมเสียง (ห้องรับยา)', 'a:8:{i:0;s:1:\"1\";i:1;s:1:\"2\";i:2;s:1:\"3\";i:3;s:1:\"4\";i:4;s:1:\"9\";i:5;s:2:\"10\";i:6;s:2:\"11\";i:7;s:2:\"12\";}', 1);

-- --------------------------------------------------------

--
-- Table structure for table `tb_ticket`
--

CREATE TABLE `tb_ticket` (
  `ids` int(1) NOT NULL,
  `hos_name_th` varchar(255) NOT NULL COMMENT 'ชื่อ รพ. ไทย',
  `hos_name_en` varchar(255) DEFAULT NULL COMMENT 'ชื่อ รพ. อังกฤษ',
  `template` text DEFAULT NULL COMMENT 'แบบบัตรคิว',
  `default_template` text DEFAULT NULL COMMENT 'ต้นฉบับบัตรคิว',
  `logo_path` varchar(255) DEFAULT NULL,
  `logo_base_url` varchar(255) DEFAULT NULL,
  `barcode_type` varchar(255) NOT NULL COMMENT 'รหัสโค้ด',
  `status` int(255) DEFAULT NULL COMMENT 'สถานะการใช้งาน'
) ENGINE=MyISAM DEFAULT CHARSET=utf8 ROW_FORMAT=DYNAMIC;

--
-- Dumping data for table `tb_ticket`
--

INSERT INTO `tb_ticket` (`ids`, `hos_name_th`, `hos_name_en`, `template`, `default_template`, `logo_path`, `logo_base_url`, `barcode_type`, `status`) VALUES
(13, 'ห้องยา 1', '', '<div class=\"x_content\">\r\n<div class=\"row\" style=\"margin-bottom:0px; margin-left:0px; margin-right:0px; margin-top:0px; width:80mm\">\r\n<div class=\"col-md-12 col-sm-12 col-xs-12\" style=\"padding:1cm 21px 0px 21px\">\r\n<div class=\"col-xs-12\" style=\"padding:0\"><img alt=\"\" class=\"center-block\" src=\"/images/logo/Untitled.jpg\" style=\"width:100px\" /></div>\r\n\r\n<div class=\"col-xs-12\" style=\"padding:0\">\r\n<h4 style=\"text-align:center\"><strong>{hos_name_th}</strong></h4>\r\n\r\n<h6 style=\"text-align:center\"><strong>งานบริการผู้ป่วยนอก</strong></h6>\r\n</div>\r\n</div>\r\n\r\n<div class=\"col-md-12 col-sm-12 col-xs-12\" style=\"padding:0px 21px 0px 21px\">\r\n<div class=\"col-xs-12\" style=\"padding:0\">\r\n<h1 style=\"text-align:center\"><span style=\"font-size:72px\"><strong>{q_num}</strong></span></h1>\r\n</div>\r\n</div>\r\n\r\n<div class=\"col-md-12 col-sm-12 col-xs-12\" style=\"padding:5px 20px 0px 20px\">\r\n<div class=\"col-xs-12\" style=\"padding:0; text-align:left\">\r\n<div class=\"col-xs-12\" style=\"border-top:dashed 1px #404040; padding:4px 0px 3px 0px\">\r\n<div class=\"col-xs-12\" style=\"padding:1px\">\r\n<h6 style=\"margin-left:0px; margin-right:0px\"><strong>Scan QR Code เพื่อดูสถานะการรอคิว</strong></h6>\r\n</div>\r\n</div>\r\n</div>\r\n</div>\r\n\r\n<div class=\"col-md-12 col-sm-12 col-xs-12\" style=\"padding:0px\">\r\n<div class=\"col-xs-4\" style=\"padding:0\">\r\n<div class=\"qrcode\" id=\"qrcode\"><img alt=\"\" src=\"/images/qrcode.png\" /></div>\r\n</div>\r\n\r\n<div class=\"col-xs-8\" style=\"padding:0\">\r\n<div class=\"bcTarget\" id=\"bcTarget\" style=\"overflow:auto; padding-top:10px\">\r\n<div style=\"background-color:#ffffff; float:left; font-size:0px; height:50px; width:10px\">&nbsp;</div>\r\n\r\n<div style=\"border-left:2px solid #000000; float:left; font-size:0px; height:50px; width:0\">&nbsp;</div>\r\n\r\n<div style=\"background-color:#ffffff; float:left; font-size:0px; height:50px; width:1px\">&nbsp;</div>\r\n\r\n<div style=\"border-left:1px solid #000000; float:left; font-size:0px; height:50px; width:0\">&nbsp;</div>\r\n\r\n<div style=\"background-color:#ffffff; float:left; font-size:0px; height:50px; width:2px\">&nbsp;</div>\r\n\r\n<div style=\"border-left:3px solid #000000; float:left; font-size:0px; height:50px; width:0\">&nbsp;</div>\r\n\r\n<div style=\"background-color:#ffffff; float:left; font-size:0px; height:50px; width:2px\">&nbsp;</div>\r\n\r\n<div style=\"border-left:1px solid #000000; float:left; font-size:0px; height:50px; width:0\">&nbsp;</div>\r\n\r\n<div style=\"background-color:#ffffff; float:left; font-size:0px; height:50px; width:1px\">&nbsp;</div>\r\n\r\n<div style=\"border-left:2px solid #000000; float:left; font-size:0px; height:50px; width:0\">&nbsp;</div>\r\n\r\n<div style=\"background-color:#ffffff; float:left; font-size:0px; height:50px; width:2px\">&nbsp;</div>\r\n\r\n<div style=\"border-left:3px solid #000000; float:left; font-size:0px; height:50px; width:0\">&nbsp;</div>\r\n\r\n<div style=\"background-color:#ffffff; float:left; font-size:0px; height:50px; width:2px\">&nbsp;</div>\r\n\r\n<div style=\"border-left:1px solid #000000; float:left; font-size:0px; height:50px; width:0\">&nbsp;</div>\r\n\r\n<div style=\"background-color:#ffffff; float:left; font-size:0px; height:50px; width:3px\">&nbsp;</div>\r\n\r\n<div style=\"border-left:1px solid #000000; float:left; font-size:0px; height:50px; width:0\">&nbsp;</div>\r\n\r\n<div style=\"background-color:#ffffff; float:left; font-size:0px; height:50px; width:1px\">&nbsp;</div>\r\n\r\n<div style=\"border-left:2px solid #000000; float:left; font-size:0px; height:50px; width:0\">&nbsp;</div>\r\n\r\n<div style=\"background-color:#ffffff; float:left; font-size:0px; height:50px; width:3px\">&nbsp;</div>\r\n\r\n<div style=\"border-left:3px solid #000000; float:left; font-size:0px; height:50px; width:0\">&nbsp;</div>\r\n\r\n<div style=\"background-color:#ffffff; float:left; font-size:0px; height:50px; width:3px\">&nbsp;</div>\r\n\r\n<div style=\"border-left:1px solid #000000; float:left; font-size:0px; height:50px; width:0\">&nbsp;</div>\r\n\r\n<div style=\"background-color:#ffffff; float:left; font-size:0px; height:50px; width:1px\">&nbsp;</div>\r\n\r\n<div style=\"border-left:2px solid #000000; float:left; font-size:0px; height:50px; width:0\">&nbsp;</div>\r\n\r\n<div style=\"background-color:#ffffff; float:left; font-size:0px; height:50px; width:1px\">&nbsp;</div>\r\n\r\n<div style=\"border-left:2px solid #000000; float:left; font-size:0px; height:50px; width:0\">&nbsp;</div>\r\n\r\n<div style=\"background-color:#ffffff; float:left; font-size:0px; height:50px; width:4px\">&nbsp;</div>\r\n\r\n<div style=\"border-left:1px solid #000000; float:left; font-size:0px; height:50px; width:0\">&nbsp;</div>\r\n\r\n<div style=\"background-color:#ffffff; float:left; font-size:0px; height:50px; width:1px\">&nbsp;</div>\r\n\r\n<div style=\"border-left:1px solid #000000; float:left; font-size:0px; height:50px; width:0\">&nbsp;</div>\r\n\r\n<div style=\"background-color:#ffffff; float:left; font-size:0px; height:50px; width:2px\">&nbsp;</div>\r\n\r\n<div style=\"border-left:2px solid #000000; float:left; font-size:0px; height:50px; width:0\">&nbsp;</div>\r\n\r\n<div style=\"background-color:#ffffff; float:left; font-size:0px; height:50px; width:1px\">&nbsp;</div>\r\n\r\n<div style=\"border-left:4px solid #000000; float:left; font-size:0px; height:50px; width:0\">&nbsp;</div>\r\n\r\n<div style=\"background-color:#ffffff; float:left; font-size:0px; height:50px; width:1px\">&nbsp;</div>\r\n\r\n<div style=\"border-left:2px solid #000000; float:left; font-size:0px; height:50px; width:0\">&nbsp;</div>\r\n\r\n<div style=\"background-color:#ffffff; float:left; font-size:0px; height:50px; width:1px\">&nbsp;</div>\r\n\r\n<div style=\"border-left:1px solid #000000; float:left; font-size:0px; height:50px; width:0\">&nbsp;</div>\r\n\r\n<div style=\"background-color:#ffffff; float:left; font-size:0px; height:50px; width:1px\">&nbsp;</div>\r\n\r\n<div style=\"border-left:2px solid #000000; float:left; font-size:0px; height:50px; width:0\">&nbsp;</div>\r\n\r\n<div style=\"background-color:#ffffff; float:left; font-size:0px; height:50px; width:2px\">&nbsp;</div>\r\n\r\n<div style=\"border-left:3px solid #000000; float:left; font-size:0px; height:50px; width:0\">&nbsp;</div>\r\n\r\n<div style=\"background-color:#ffffff; float:left; font-size:0px; height:50px; width:2px\">&nbsp;</div>\r\n\r\n<div style=\"border-left:1px solid #000000; float:left; font-size:0px; height:50px; width:0\">&nbsp;</div>\r\n\r\n<div style=\"background-color:#ffffff; float:left; font-size:0px; height:50px; width:1px\">&nbsp;</div>\r\n\r\n<div style=\"border-left:4px solid #000000; float:left; font-size:0px; height:50px; width:0\">&nbsp;</div>\r\n\r\n<div style=\"background-color:#ffffff; float:left; font-size:0px; height:50px; width:1px\">&nbsp;</div>\r\n\r\n<div style=\"border-left:3px solid #000000; float:left; font-size:0px; height:50px; width:0\">&nbsp;</div>\r\n\r\n<div style=\"background-color:#ffffff; float:left; font-size:0px; height:50px; width:1px\">&nbsp;</div>\r\n\r\n<div style=\"border-left:3px solid #000000; float:left; font-size:0px; height:50px; width:0\">&nbsp;</div>\r\n\r\n<div style=\"background-color:#ffffff; float:left; font-size:0px; height:50px; width:1px\">&nbsp;</div>\r\n\r\n<div style=\"border-left:1px solid #000000; float:left; font-size:0px; height:50px; width:0\">&nbsp;</div>\r\n\r\n<div style=\"background-color:#ffffff; float:left; font-size:0px; height:50px; width:2px\">&nbsp;</div>\r\n\r\n<div style=\"border-left:2px solid #000000; float:left; font-size:0px; height:50px; width:0\">&nbsp;</div>\r\n\r\n<div style=\"background-color:#ffffff; float:left; font-size:0px; height:50px; width:2px\">&nbsp;</div>\r\n\r\n<div style=\"border-left:2px solid #000000; float:left; font-size:0px; height:50px; width:0\">&nbsp;</div>\r\n\r\n<div style=\"background-color:#ffffff; float:left; font-size:0px; height:50px; width:2px\">&nbsp;</div>\r\n\r\n<div style=\"border-left:1px solid #000000; float:left; font-size:0px; height:50px; width:0\">&nbsp;</div>\r\n\r\n<div style=\"background-color:#ffffff; float:left; font-size:0px; height:50px; width:1px\">&nbsp;</div>\r\n\r\n<div style=\"border-left:3px solid #000000; float:left; font-size:0px; height:50px; width:0\">&nbsp;</div>\r\n\r\n<div style=\"background-color:#ffffff; float:left; font-size:0px; height:50px; width:2px\">&nbsp;</div>\r\n\r\n<div style=\"border-left:2px solid #000000; float:left; font-size:0px; height:50px; width:0\">&nbsp;</div>\r\n\r\n<div style=\"background-color:#ffffff; float:left; font-size:0px; height:50px; width:3px\">&nbsp;</div>\r\n\r\n<div style=\"border-left:3px solid #000000; float:left; font-size:0px; height:50px; width:0\">&nbsp;</div>\r\n\r\n<div style=\"background-color:#ffffff; float:left; font-size:0px; height:50px; width:1px\">&nbsp;</div>\r\n\r\n<div style=\"border-left:1px solid #000000; float:left; font-size:0px; height:50px; width:0\">&nbsp;</div>\r\n\r\n<div style=\"background-color:#ffffff; float:left; font-size:0px; height:50px; width:1px\">&nbsp;</div>\r\n\r\n<div style=\"border-left:2px solid #000000; float:left; font-size:0px; height:50px; width:0\">&nbsp;</div>\r\n\r\n<div style=\"background-color:#ffffff; float:left; font-size:0px; height:50px; width:10px\">&nbsp;</div>\r\n\r\n<div style=\"background-color:#ffffff; clear:both; color:#000000; font-size:10px; margin-top:5px; text-align:center; width:100%\">1234567890128</div>\r\n</div>\r\n</div>\r\n</div>\r\n\r\n<div class=\"col-md-12 col-sm-12 col-xs-12 qwaiting\" style=\"padding:10px 0px 0px 0px\">\r\n<h4 style=\"text-align:center\"><strong>คิวรอ</strong></h4>\r\n</div>\r\n\r\n<div class=\"col-md-12 col-sm-12 col-xs-12 qwaiting\" style=\"padding:10px 0px 0px 0px\">\r\n<h4 style=\"text-align:center\"><strong>{qwaiting}</strong></h4>\r\n</div>\r\n\r\n<div class=\"col-md-12 col-sm-12 col-xs-12\" style=\"padding:10px 0px 0px 0px\">\r\n<h4 style=\"text-align:center\"><strong>ขอบคุณที่ใช้บริการ</strong></h4>\r\n</div>\r\n\r\n<div class=\"col-md-12 col-sm-12 col-xs-12\" style=\"padding:0px 21px 0px 21px\">\r\n<div class=\"col-xs-6\" style=\"padding:0; text-align:left\">\r\n<h6 style=\"text-align:left\"><strong>{time}</strong></h6>\r\n</div>\r\n\r\n<div class=\"col-xs-6\" style=\"padding:0; text-align:right\">\r\n<h6 style=\"text-align:right\"><strong>{user_print}</strong></h6>\r\n</div>\r\n</div>\r\n</div>\r\n</div>\r\n', '<center>\r\n            <div class=\"x_content\">\r\n                <div class=\"row\" style=\"width: 80mm;margin: auto;\">\r\n\r\n                    <div class=\"col-md-12 col-sm-12 col-xs-12\" style=\"padding: 1cm 21px 0px 21px;\">\r\n                        <div class=\"col-xs-12\" style=\"padding: 0;\">\r\n                            <img src=\"/images/logo/pmh-logo.png\" alt=\"\" class=\"center-block\" style=\"width: 100px\">\r\n                        </div>\r\n                        <div class=\"col-xs-12\" style=\"padding: 0;\">\r\n                            <h4 class=\"color\" style=\"margin-top: 0px;margin-bottom: 0px;text-align: center;\"><b style=\"font-weight: bold;\">{hos_name_th}</b></h4>\r\n                            <h6 class=\"color\" style=\"margin-top: 4px;margin-bottom: 0px;text-align: center;\"><b>งานบริการผู้ป่วยนอก</b></h6>\r\n                        </div>\r\n                        <div class=\"col-xs-12\" style=\"padding: 3px 0px 10px 0px;;text-align: left;\">\r\n                            <h6 style=\"margin: 4px 1px;\" class=\"color\">\r\n                                <b style=\"font-size: 14px; font-weight: 600;\">HN</b>  :  <b style=\"font-size: 13px;\">{q_hn}</b>\r\n                            </h6>\r\n                            <h6 style=\"margin: 4px 1px;\" class=\"color\">\r\n                                <b style=\"font-size: 14px; font-weight: 600;\">ชื่อ-นามสกุล</b>  :  <b style=\"font-size: 13px;\">{pt_name}</b>\r\n                            </h6>\r\n                        </div>\r\n                    </div>\r\n\r\n                    <div class=\"col-md-12 col-sm-12 col-xs-12\" style=\"padding: 0px 21px 0px 21px;\">\r\n                        <div class=\"col-xs-12\" style=\"padding: 0;\">\r\n                            <h1 style=\"text-align: center;\"><b style=\"font-weight: 600;text-align: center;\">{q_num}</b></h1>\r\n                        </div>\r\n                    </div>\r\n\r\n                    <div class=\"col-md-12 col-sm-12 col-xs-12\" style=\"padding: 0px 21px 0px 21px;\">\r\n                        <div class=\"col-xs-6\" style=\"padding: 0;\">\r\n                            <h5 style=\"text-align: center;\"><b style=\"font-weight: 600;\">{pt_visit_type}</b></h5>\r\n                        </div>\r\n                        <div class=\"col-xs-6\" style=\"padding: 0;\">\r\n                            <h5 style=\"text-align: center;\"><b style=\"font-weight: 600;\">{sec_name}</b></h5>\r\n                        </div>\r\n                    </div>\r\n\r\n                    <div class=\"col-md-12 col-sm-12 col-xs-12\" style=\"padding: 5px 20px 0px 20px;\">\r\n                        <div class=\"col-xs-12\" style=\"text-align: left;padding: 0;\">\r\n                            <div class=\"col-xs-12\" style=\"padding: 4px 0px 3px 0px;border-top: dashed 1px #404040;\">\r\n                                <div class=\"col-xs-12\" style=\"padding: 1px;\">\r\n                                    <h6 class=\"color\" style=\"margin: 0px;\"><b>Scan QR Code เพื่อดูสถานะการรอคิว</b></h6>\r\n                                </div>\r\n                            </div>\r\n                        </div>\r\n                    </div>\r\n\r\n                    <div class=\"col-md-12 col-sm-12 col-xs-12\" style=\"padding: 0px 21px 0px 21px;\">\r\n                        <div class=\"col-xs-6\" style=\"padding: 0;\">\r\n                            <div id=\"qrcode\"><img alt=\"\" src=\"/images/qrcode.png\" /></div>\r\n                        </div>\r\n                        <div class=\"col-xs-6\" style=\"padding: 0;\">\r\n                            <div id=\"bcTarget\" style=\"overflow: auto; padding: 0px; width: 143px;\"><div style=\"float: left; font-size: 0px; background-color: #FFFFFF; height: 50px; width: 10px\"></div><div style=\"float: left; font-size: 0px; width:0; border-left: 2px solid #000000; height: 50px;\"></div><div style=\"float: left; font-size: 0px; background-color: #FFFFFF; height: 50px; width: 1px\"></div><div style=\"float: left; font-size: 0px; width:0; border-left: 1px solid #000000; height: 50px;\"></div><div style=\"float: left; font-size: 0px; background-color: #FFFFFF; height: 50px; width: 2px\"></div><div style=\"float: left; font-size: 0px; width:0; border-left: 3px solid #000000; height: 50px;\"></div><div style=\"float: left; font-size: 0px; background-color: #FFFFFF; height: 50px; width: 2px\"></div><div style=\"float: left; font-size: 0px; width:0; border-left: 1px solid #000000; height: 50px;\"></div><div style=\"float: left; font-size: 0px; background-color: #FFFFFF; height: 50px; width: 1px\"></div><div style=\"float: left; font-size: 0px; width:0; border-left: 2px solid #000000; height: 50px;\"></div><div style=\"float: left; font-size: 0px; background-color: #FFFFFF; height: 50px; width: 2px\"></div><div style=\"float: left; font-size: 0px; width:0; border-left: 3px solid #000000; height: 50px;\"></div><div style=\"float: left; font-size: 0px; background-color: #FFFFFF; height: 50px; width: 2px\"></div><div style=\"float: left; font-size: 0px; width:0; border-left: 1px solid #000000; height: 50px;\"></div><div style=\"float: left; font-size: 0px; background-color: #FFFFFF; height: 50px; width: 3px\"></div><div style=\"float: left; font-size: 0px; width:0; border-left: 1px solid #000000; height: 50px;\"></div><div style=\"float: left; font-size: 0px; background-color: #FFFFFF; height: 50px; width: 1px\"></div><div style=\"float: left; font-size: 0px; width:0; border-left: 2px solid #000000; height: 50px;\"></div><div style=\"float: left; font-size: 0px; background-color: #FFFFFF; height: 50px; width: 3px\"></div><div style=\"float: left; font-size: 0px; width:0; border-left: 3px solid #000000; height: 50px;\"></div><div style=\"float: left; font-size: 0px; background-color: #FFFFFF; height: 50px; width: 3px\"></div><div style=\"float: left; font-size: 0px; width:0; border-left: 1px solid #000000; height: 50px;\"></div><div style=\"float: left; font-size: 0px; background-color: #FFFFFF; height: 50px; width: 1px\"></div><div style=\"float: left; font-size: 0px; width:0; border-left: 2px solid #000000; height: 50px;\"></div><div style=\"float: left; font-size: 0px; background-color: #FFFFFF; height: 50px; width: 1px\"></div><div style=\"float: left; font-size: 0px; width:0; border-left: 2px solid #000000; height: 50px;\"></div><div style=\"float: left; font-size: 0px; background-color: #FFFFFF; height: 50px; width: 4px\"></div><div style=\"float: left; font-size: 0px; width:0; border-left: 1px solid #000000; height: 50px;\"></div><div style=\"float: left; font-size: 0px; background-color: #FFFFFF; height: 50px; width: 1px\"></div><div style=\"float: left; font-size: 0px; width:0; border-left: 1px solid #000000; height: 50px;\"></div><div style=\"float: left; font-size: 0px; background-color: #FFFFFF; height: 50px; width: 2px\"></div><div style=\"float: left; font-size: 0px; width:0; border-left: 2px solid #000000; height: 50px;\"></div><div style=\"float: left; font-size: 0px; background-color: #FFFFFF; height: 50px; width: 1px\"></div><div style=\"float: left; font-size: 0px; width:0; border-left: 4px solid #000000; height: 50px;\"></div><div style=\"float: left; font-size: 0px; background-color: #FFFFFF; height: 50px; width: 1px\"></div><div style=\"float: left; font-size: 0px; width:0; border-left: 2px solid #000000; height: 50px;\"></div><div style=\"float: left; font-size: 0px; background-color: #FFFFFF; height: 50px; width: 1px\"></div><div style=\"float: left; font-size: 0px; width:0; border-left: 1px solid #000000; height: 50px;\"></div><div style=\"float: left; font-size: 0px; background-color: #FFFFFF; height: 50px; width: 1px\"></div><div style=\"float: left; font-size: 0px; width:0; border-left: 2px solid #000000; height: 50px;\"></div><div style=\"float: left; font-size: 0px; background-color: #FFFFFF; height: 50px; width: 2px\"></div><div style=\"float: left; font-size: 0px; width:0; border-left: 3px solid #000000; height: 50px;\"></div><div style=\"float: left; font-size: 0px; background-color: #FFFFFF; height: 50px; width: 2px\"></div><div style=\"float: left; font-size: 0px; width:0; border-left: 1px solid #000000; height: 50px;\"></div><div style=\"float: left; font-size: 0px; background-color: #FFFFFF; height: 50px; width: 1px\"></div><div style=\"float: left; font-size: 0px; width:0; border-left: 4px solid #000000; height: 50px;\"></div><div style=\"float: left; font-size: 0px; background-color: #FFFFFF; height: 50px; width: 1px\"></div><div style=\"float: left; font-size: 0px; width:0; border-left: 3px solid #000000; height: 50px;\"></div><div style=\"float: left; font-size: 0px; background-color: #FFFFFF; height: 50px; width: 1px\"></div><div style=\"float: left; font-size: 0px; width:0; border-left: 3px solid #000000; height: 50px;\"></div><div style=\"float: left; font-size: 0px; background-color: #FFFFFF; height: 50px; width: 1px\"></div><div style=\"float: left; font-size: 0px; width:0; border-left: 1px solid #000000; height: 50px;\"></div><div style=\"float: left; font-size: 0px; background-color: #FFFFFF; height: 50px; width: 2px\"></div><div style=\"float: left; font-size: 0px; width:0; border-left: 2px solid #000000; height: 50px;\"></div><div style=\"float: left; font-size: 0px; background-color: #FFFFFF; height: 50px; width: 2px\"></div><div style=\"float: left; font-size: 0px; width:0; border-left: 2px solid #000000; height: 50px;\"></div><div style=\"float: left; font-size: 0px; background-color: #FFFFFF; height: 50px; width: 2px\"></div><div style=\"float: left; font-size: 0px; width:0; border-left: 1px solid #000000; height: 50px;\"></div><div style=\"float: left; font-size: 0px; background-color: #FFFFFF; height: 50px; width: 1px\"></div><div style=\"float: left; font-size: 0px; width:0; border-left: 3px solid #000000; height: 50px;\"></div><div style=\"float: left; font-size: 0px; background-color: #FFFFFF; height: 50px; width: 2px\"></div><div style=\"float: left; font-size: 0px; width:0; border-left: 2px solid #000000; height: 50px;\"></div><div style=\"float: left; font-size: 0px; background-color: #FFFFFF; height: 50px; width: 3px\"></div><div style=\"float: left; font-size: 0px; width:0; border-left: 3px solid #000000; height: 50px;\"></div><div style=\"float: left; font-size: 0px; background-color: #FFFFFF; height: 50px; width: 1px\"></div><div style=\"float: left; font-size: 0px; width:0; border-left: 1px solid #000000; height: 50px;\"></div><div style=\"float: left; font-size: 0px; background-color: #FFFFFF; height: 50px; width: 1px\"></div><div style=\"float: left; font-size: 0px; width:0; border-left: 2px solid #000000; height: 50px;\"></div><div style=\"float: left; font-size: 0px; background-color: #FFFFFF; height: 50px; width: 10px\"></div><div style=\"clear:both; width: 100%; background-color: #FFFFFF; color: #000000; text-align: center; font-size: 10px; margin-top: 5px;\">1234567890128</div></div>\r\n                        </div>\r\n                    </div>\r\n\r\n                    <div class=\"col-md-12 col-sm-12 col-xs-12 qwaiting\" style=\"padding: 10px 0px 0px 0px;\">\r\n                        <h4 class=\"color qwaiting\" style=\"margin-top: 0px;margin-bottom: 0px;text-align: center;\"><b>คิวรอ</b></h4>\r\n                    </div>\r\n\r\n                    <div class=\"col-md-12 col-sm-12 col-xs-12 qwaiting\" style=\"padding: 10px 0px 0px 0px;\">\r\n                        <h4 class=\"color qwaiting\" style=\"margin-top: 0px;margin-bottom: 0px;text-align: center;\"><b>{qwaiting}</b></h4>\r\n                    </div>\r\n\r\n                    <div class=\"col-md-12 col-sm-12 col-xs-12\" style=\"padding: 10px 0px 0px 0px;\">\r\n                        <h4 class=\"color\" style=\"margin-top: 0px;margin-bottom: 0px;text-align: center;\"><b>ขอบคุณที่ใช้บริการ</b></h4>\r\n                    </div>\r\n\r\n                    <div class=\"col-md-12 col-sm-12 col-xs-12\" style=\"padding: 0px 21px 0px 21px;\">\r\n                        <div class=\"col-xs-6\" style=\"padding: 0;text-align: left;\">\r\n                            <h6 class=\"color\" style=\"margin-top: 4px;margin-bottom: 0px;text-align: left;\"><b>{time}</b></h6>\r\n                        </div>\r\n                        <div class=\"col-xs-6\" style=\"padding: 0;text-align: right;\">\r\n                            <h6 class=\"color\" style=\"margin-top: 4px;margin-bottom: 0px;text-align: right;\"><b>{user_print}</b></h6>\r\n                        </div>\r\n                    </div>\r\n\r\n                </div>\r\n            </div>\r\n        </center>', '1/GHHTAAUSs1KCeLGGsee3pSRVBczMt9B1.jpg', '/uploads', 'code128', 1),
(6, 'ห้องยา', '', '<div class=\"x_content\">\r\n<div class=\"row\" style=\"margin-bottom:0px; margin-left:0px; margin-right:0px; margin-top:0px; width:80mm\">\r\n<div class=\"col-xs-12\" style=\"padding:0\"><img alt=\"\" class=\"center-block\" src=\"/images/logo/pmh-logo.png\" style=\"width:100px\" /></div>\r\n\r\n<div class=\"col-xs-12\" style=\"padding:0\">\r\n<h4 style=\"text-align:center\"><strong>โรงพยาบาลพิมาย</strong></h4>\r\n\r\n<h4 style=\"text-align:center\"><span style=\"font-size:20px\"><strong>{hos_name_th}</strong> </span></h4>\r\n</div>\r\n\r\n<div class=\"col-md-12 col-sm-12 col-xs-12\" style=\"padding:0px 21px 0px 21px\">\r\n<div class=\"col-xs-12\" style=\"padding:0\">\r\n<h1 style=\"text-align:center\"><span style=\"font-size:72px\"><strong>{q_num}</strong> </span></h1>\r\n</div>\r\n</div>\r\n\r\n<div class=\"col-md-12 col-sm-12 col-xs-12 qwaiting\" style=\"padding:10px 0px 0px 0px\">\r\n<h4 style=\"text-align:center\"><strong>คิวรอ</strong></h4>\r\n</div>\r\n\r\n<div class=\"col-md-12 col-sm-12 col-xs-12 qwaiting\" style=\"padding:10px 0px 0px 0px\">\r\n<h4 style=\"text-align:center\"><strong>{qwaiting}</strong></h4>\r\n</div>\r\n\r\n<div class=\"col-md-12 col-sm-12 col-xs-12\" style=\"padding:5px 20px 0px 20px\">\r\n<div class=\"col-xs-12\" style=\"padding:0; text-align:left\">\r\n<div class=\"col-xs-12\" style=\"border-top:dashed 1px #404040; padding:4px 0px 3px 0px\">\r\n<div class=\"col-xs-12\" style=\"padding:1px\">\r\n<p style=\"text-align:center\"><strong>ขอบคุณที่ใช้บริการ</strong></p>\r\n\r\n<p style=\"text-align:center\"><strong>{time}</strong></p>\r\n</div>\r\n</div>\r\n</div>\r\n</div>\r\n</div>\r\n</div>\r\n', '<center>\r\n            <div class=\"x_content\">\r\n                <div class=\"row\" style=\"width: 80mm;margin: auto;\">\r\n\r\n                    <div class=\"col-md-12 col-sm-12 col-xs-12\" style=\"padding: 1cm 21px 0px 21px;\">\r\n                        <div class=\"col-xs-12\" style=\"padding: 0;\">\r\n                            <img src=\"/images/logo/pmh-logo.png\" alt=\"\" class=\"center-block\" style=\"width: 100px\">\r\n                        </div>\r\n                        <div class=\"col-xs-12\" style=\"padding: 0;\">\r\n                            <h4 class=\"color\" style=\"margin-top: 0px;margin-bottom: 0px;text-align: center;\"><b style=\"font-weight: bold;\">{hos_name_th}</b></h4>\r\n                            <h6 class=\"color\" style=\"margin-top: 4px;margin-bottom: 0px;text-align: center;\"><b>งานบริการผู้ป่วยนอก</b></h6>\r\n                        </div>\r\n                        <div class=\"col-xs-12\" style=\"padding: 3px 0px 10px 0px;;text-align: left;\">\r\n                            <h6 style=\"margin: 4px 1px;\" class=\"color\">\r\n                                <b style=\"font-size: 14px; font-weight: 600;\">HN</b>  :  <b style=\"font-size: 13px;\">{q_hn}</b>\r\n                            </h6>\r\n                            <h6 style=\"margin: 4px 1px;\" class=\"color\">\r\n                                <b style=\"font-size: 14px; font-weight: 600;\">ชื่อ-นามสกุล</b>  :  <b style=\"font-size: 13px;\">{pt_name}</b>\r\n                            </h6>\r\n                        </div>\r\n                    </div>\r\n\r\n                    <div class=\"col-md-12 col-sm-12 col-xs-12\" style=\"padding: 0px 21px 0px 21px;\">\r\n                        <div class=\"col-xs-12\" style=\"padding: 0;\">\r\n                            <h1 style=\"text-align: center;\"><b style=\"font-weight: 600;text-align: center;\">{q_num}</b></h1>\r\n                        </div>\r\n                    </div>\r\n\r\n                    <div class=\"col-md-12 col-sm-12 col-xs-12\" style=\"padding: 0px 21px 0px 21px;\">\r\n                        <div class=\"col-xs-6\" style=\"padding: 0;\">\r\n                            <h5 style=\"text-align: center;\"><b style=\"font-weight: 600;\">{pt_visit_type}</b></h5>\r\n                        </div>\r\n                        <div class=\"col-xs-6\" style=\"padding: 0;\">\r\n                            <h5 style=\"text-align: center;\"><b style=\"font-weight: 600;\">{sec_name}</b></h5>\r\n                        </div>\r\n                    </div>\r\n\r\n                    <div class=\"col-md-12 col-sm-12 col-xs-12\" style=\"padding: 5px 20px 0px 20px;\">\r\n                        <div class=\"col-xs-12\" style=\"text-align: left;padding: 0;\">\r\n                            <div class=\"col-xs-12\" style=\"padding: 4px 0px 3px 0px;border-top: dashed 1px #404040;\">\r\n                                <div class=\"col-xs-12\" style=\"padding: 1px;\">\r\n                                    <h6 class=\"color\" style=\"margin: 0px;\"><b>Scan QR Code เพื่อดูสถานะการรอคิว</b></h6>\r\n                                </div>\r\n                            </div>\r\n                        </div>\r\n                    </div>\r\n\r\n                    <div class=\"col-md-12 col-sm-12 col-xs-12\" style=\"padding: 0px 21px 0px 21px;\">\r\n                        <div class=\"col-xs-6\" style=\"padding: 0;\">\r\n                            <div id=\"qrcode\"><img alt=\"\" src=\"/images/qrcode.png\" /></div>\r\n                        </div>\r\n                        <div class=\"col-xs-6\" style=\"padding: 0;\">\r\n                            <div id=\"bcTarget\" style=\"overflow: auto; padding: 0px; width: 143px;\"><div style=\"float: left; font-size: 0px; background-color: #FFFFFF; height: 50px; width: 10px\"></div><div style=\"float: left; font-size: 0px; width:0; border-left: 2px solid #000000; height: 50px;\"></div><div style=\"float: left; font-size: 0px; background-color: #FFFFFF; height: 50px; width: 1px\"></div><div style=\"float: left; font-size: 0px; width:0; border-left: 1px solid #000000; height: 50px;\"></div><div style=\"float: left; font-size: 0px; background-color: #FFFFFF; height: 50px; width: 2px\"></div><div style=\"float: left; font-size: 0px; width:0; border-left: 3px solid #000000; height: 50px;\"></div><div style=\"float: left; font-size: 0px; background-color: #FFFFFF; height: 50px; width: 2px\"></div><div style=\"float: left; font-size: 0px; width:0; border-left: 1px solid #000000; height: 50px;\"></div><div style=\"float: left; font-size: 0px; background-color: #FFFFFF; height: 50px; width: 1px\"></div><div style=\"float: left; font-size: 0px; width:0; border-left: 2px solid #000000; height: 50px;\"></div><div style=\"float: left; font-size: 0px; background-color: #FFFFFF; height: 50px; width: 2px\"></div><div style=\"float: left; font-size: 0px; width:0; border-left: 3px solid #000000; height: 50px;\"></div><div style=\"float: left; font-size: 0px; background-color: #FFFFFF; height: 50px; width: 2px\"></div><div style=\"float: left; font-size: 0px; width:0; border-left: 1px solid #000000; height: 50px;\"></div><div style=\"float: left; font-size: 0px; background-color: #FFFFFF; height: 50px; width: 3px\"></div><div style=\"float: left; font-size: 0px; width:0; border-left: 1px solid #000000; height: 50px;\"></div><div style=\"float: left; font-size: 0px; background-color: #FFFFFF; height: 50px; width: 1px\"></div><div style=\"float: left; font-size: 0px; width:0; border-left: 2px solid #000000; height: 50px;\"></div><div style=\"float: left; font-size: 0px; background-color: #FFFFFF; height: 50px; width: 3px\"></div><div style=\"float: left; font-size: 0px; width:0; border-left: 3px solid #000000; height: 50px;\"></div><div style=\"float: left; font-size: 0px; background-color: #FFFFFF; height: 50px; width: 3px\"></div><div style=\"float: left; font-size: 0px; width:0; border-left: 1px solid #000000; height: 50px;\"></div><div style=\"float: left; font-size: 0px; background-color: #FFFFFF; height: 50px; width: 1px\"></div><div style=\"float: left; font-size: 0px; width:0; border-left: 2px solid #000000; height: 50px;\"></div><div style=\"float: left; font-size: 0px; background-color: #FFFFFF; height: 50px; width: 1px\"></div><div style=\"float: left; font-size: 0px; width:0; border-left: 2px solid #000000; height: 50px;\"></div><div style=\"float: left; font-size: 0px; background-color: #FFFFFF; height: 50px; width: 4px\"></div><div style=\"float: left; font-size: 0px; width:0; border-left: 1px solid #000000; height: 50px;\"></div><div style=\"float: left; font-size: 0px; background-color: #FFFFFF; height: 50px; width: 1px\"></div><div style=\"float: left; font-size: 0px; width:0; border-left: 1px solid #000000; height: 50px;\"></div><div style=\"float: left; font-size: 0px; background-color: #FFFFFF; height: 50px; width: 2px\"></div><div style=\"float: left; font-size: 0px; width:0; border-left: 2px solid #000000; height: 50px;\"></div><div style=\"float: left; font-size: 0px; background-color: #FFFFFF; height: 50px; width: 1px\"></div><div style=\"float: left; font-size: 0px; width:0; border-left: 4px solid #000000; height: 50px;\"></div><div style=\"float: left; font-size: 0px; background-color: #FFFFFF; height: 50px; width: 1px\"></div><div style=\"float: left; font-size: 0px; width:0; border-left: 2px solid #000000; height: 50px;\"></div><div style=\"float: left; font-size: 0px; background-color: #FFFFFF; height: 50px; width: 1px\"></div><div style=\"float: left; font-size: 0px; width:0; border-left: 1px solid #000000; height: 50px;\"></div><div style=\"float: left; font-size: 0px; background-color: #FFFFFF; height: 50px; width: 1px\"></div><div style=\"float: left; font-size: 0px; width:0; border-left: 2px solid #000000; height: 50px;\"></div><div style=\"float: left; font-size: 0px; background-color: #FFFFFF; height: 50px; width: 2px\"></div><div style=\"float: left; font-size: 0px; width:0; border-left: 3px solid #000000; height: 50px;\"></div><div style=\"float: left; font-size: 0px; background-color: #FFFFFF; height: 50px; width: 2px\"></div><div style=\"float: left; font-size: 0px; width:0; border-left: 1px solid #000000; height: 50px;\"></div><div style=\"float: left; font-size: 0px; background-color: #FFFFFF; height: 50px; width: 1px\"></div><div style=\"float: left; font-size: 0px; width:0; border-left: 4px solid #000000; height: 50px;\"></div><div style=\"float: left; font-size: 0px; background-color: #FFFFFF; height: 50px; width: 1px\"></div><div style=\"float: left; font-size: 0px; width:0; border-left: 3px solid #000000; height: 50px;\"></div><div style=\"float: left; font-size: 0px; background-color: #FFFFFF; height: 50px; width: 1px\"></div><div style=\"float: left; font-size: 0px; width:0; border-left: 3px solid #000000; height: 50px;\"></div><div style=\"float: left; font-size: 0px; background-color: #FFFFFF; height: 50px; width: 1px\"></div><div style=\"float: left; font-size: 0px; width:0; border-left: 1px solid #000000; height: 50px;\"></div><div style=\"float: left; font-size: 0px; background-color: #FFFFFF; height: 50px; width: 2px\"></div><div style=\"float: left; font-size: 0px; width:0; border-left: 2px solid #000000; height: 50px;\"></div><div style=\"float: left; font-size: 0px; background-color: #FFFFFF; height: 50px; width: 2px\"></div><div style=\"float: left; font-size: 0px; width:0; border-left: 2px solid #000000; height: 50px;\"></div><div style=\"float: left; font-size: 0px; background-color: #FFFFFF; height: 50px; width: 2px\"></div><div style=\"float: left; font-size: 0px; width:0; border-left: 1px solid #000000; height: 50px;\"></div><div style=\"float: left; font-size: 0px; background-color: #FFFFFF; height: 50px; width: 1px\"></div><div style=\"float: left; font-size: 0px; width:0; border-left: 3px solid #000000; height: 50px;\"></div><div style=\"float: left; font-size: 0px; background-color: #FFFFFF; height: 50px; width: 2px\"></div><div style=\"float: left; font-size: 0px; width:0; border-left: 2px solid #000000; height: 50px;\"></div><div style=\"float: left; font-size: 0px; background-color: #FFFFFF; height: 50px; width: 3px\"></div><div style=\"float: left; font-size: 0px; width:0; border-left: 3px solid #000000; height: 50px;\"></div><div style=\"float: left; font-size: 0px; background-color: #FFFFFF; height: 50px; width: 1px\"></div><div style=\"float: left; font-size: 0px; width:0; border-left: 1px solid #000000; height: 50px;\"></div><div style=\"float: left; font-size: 0px; background-color: #FFFFFF; height: 50px; width: 1px\"></div><div style=\"float: left; font-size: 0px; width:0; border-left: 2px solid #000000; height: 50px;\"></div><div style=\"float: left; font-size: 0px; background-color: #FFFFFF; height: 50px; width: 10px\"></div><div style=\"clear:both; width: 100%; background-color: #FFFFFF; color: #000000; text-align: center; font-size: 10px; margin-top: 5px;\">1234567890128</div></div>\r\n                        </div>\r\n                    </div>\r\n\r\n                    <div class=\"col-md-12 col-sm-12 col-xs-12 qwaiting\" style=\"padding: 10px 0px 0px 0px;\">\r\n                        <h4 class=\"color qwaiting\" style=\"margin-top: 0px;margin-bottom: 0px;text-align: center;\"><b>คิวรอ</b></h4>\r\n                    </div>\r\n\r\n                    <div class=\"col-md-12 col-sm-12 col-xs-12 qwaiting\" style=\"padding: 10px 0px 0px 0px;\">\r\n                        <h4 class=\"color qwaiting\" style=\"margin-top: 0px;margin-bottom: 0px;text-align: center;\"><b>{qwaiting}</b></h4>\r\n                    </div>\r\n\r\n                    <div class=\"col-md-12 col-sm-12 col-xs-12\" style=\"padding: 10px 0px 0px 0px;\">\r\n                        <h4 class=\"color\" style=\"margin-top: 0px;margin-bottom: 0px;text-align: center;\"><b>ขอบคุณที่ใช้บริการ</b></h4>\r\n                    </div>\r\n\r\n                    <div class=\"col-md-12 col-sm-12 col-xs-12\" style=\"padding: 0px 21px 0px 21px;\">\r\n                        <div class=\"col-xs-6\" style=\"padding: 0;text-align: left;\">\r\n                            <h6 class=\"color\" style=\"margin-top: 4px;margin-bottom: 0px;text-align: left;\"><b>{time}</b></h6>\r\n                        </div>\r\n                        <div class=\"col-xs-6\" style=\"padding: 0;text-align: right;\">\r\n                            <h6 class=\"color\" style=\"margin-top: 4px;margin-bottom: 0px;text-align: right;\"><b>{user_print}</b></h6>\r\n                        </div>\r\n                    </div>\r\n\r\n                </div>\r\n            </div>\r\n        </center>', '1/OIPiaGIvnwPxYn7nOFjjuJBtgTfY3nPU.png', '/uploads', 'code128', 1);

-- --------------------------------------------------------

--
-- Table structure for table `token`
--

CREATE TABLE `token` (
  `user_id` int(11) NOT NULL,
  `code` varchar(32) COLLATE utf8_unicode_ci NOT NULL,
  `created_at` int(11) NOT NULL,
  `type` smallint(6) NOT NULL
) ENGINE=InnoDB DEFAULT CHARSET=utf8 COLLATE=utf8_unicode_ci ROW_FORMAT=COMPACT;

--
-- Dumping data for table `token`
--

INSERT INTO `token` (`user_id`, `code`, `created_at`, `type`) VALUES
(1, 'qSWWP5UIvJSOlnxO8ezvAr9qeW8yK-AZ', 1534738181, 2);

-- --------------------------------------------------------

--
-- Table structure for table `user`
--

CREATE TABLE `user` (
  `id` int(11) NOT NULL,
  `username` varchar(255) COLLATE utf8_unicode_ci NOT NULL,
  `email` varchar(255) COLLATE utf8_unicode_ci NOT NULL,
  `password_hash` varchar(60) COLLATE utf8_unicode_ci NOT NULL,
  `auth_key` varchar(32) COLLATE utf8_unicode_ci NOT NULL,
  `confirmed_at` int(11) DEFAULT NULL,
  `unconfirmed_email` varchar(255) COLLATE utf8_unicode_ci DEFAULT NULL,
  `blocked_at` int(11) DEFAULT NULL,
  `registration_ip` varchar(45) COLLATE utf8_unicode_ci DEFAULT NULL,
  `created_at` int(11) NOT NULL,
  `updated_at` int(11) NOT NULL,
  `flags` int(11) NOT NULL DEFAULT 0,
  `last_login_at` int(11) DEFAULT NULL,
  `access_token_expired_at` timestamp NULL DEFAULT NULL
) ENGINE=InnoDB DEFAULT CHARSET=utf8 COLLATE=utf8_unicode_ci ROW_FORMAT=COMPACT;

--
-- Dumping data for table `user`
--

INSERT INTO `user` (`id`, `username`, `email`, `password_hash`, `auth_key`, `confirmed_at`, `unconfirmed_email`, `blocked_at`, `registration_ip`, `created_at`, `updated_at`, `flags`, `last_login_at`, `access_token_expired_at`) VALUES
(1, 'Admin', 'quepmh@gmail.com', '$2y$10$BL.cmTvQWzlCpejVr8LNvOIEAo0x38KwN5t4D3Rtyz/tOingMDE/e', 'knF8CQ74pivhSPa2kuIWdnLj4GFvIDJf', 1531380482, NULL, NULL, NULL, 1531380482, 1554950671, 0, 1554950671, '2019-04-11 14:44:31'),
(2, 'user', 'user@pmh.com', '$2y$10$7cQTSHZ6ltg6No4dsJtudOJYaSWN2kWCJyupW7p/lBIaHwaBiwZTC', 'yzCOlyk36oq4vPr4iwfavbP7bbqrsnuB', 1532323197, NULL, NULL, '127.0.0.1', 1532323197, 1534741443, 0, 1534675553, '2018-08-19 22:45:53'),
(3, '001', 'user1@test.com', '$2y$10$rSK9YTfRxSYi8YQSpjUXtusPenEhY8GjH7VfeCgDU9uzqVV634WVu', '4-SuWCYHge52GM6hl3iEgmiIB3CMT65f', 1554865037, NULL, NULL, '192.168.111.132', 1554865037, 1554866304, 0, 1554866304, '2019-04-10 15:18:24'),
(4, '002', 'user2@test.com', '$2y$10$rZ5AIyzH7z2hAgC1qjPgMOWTWAX3/N9iSDG4oJ76XRb.7s2a94Y86', 'mMBYq4Fo0ki5XMhWbCK0-Qmjv2DxIgeC', 1554865239, NULL, NULL, '192.168.111.132', 1554865239, 1554865239, 0, NULL, NULL),
(5, '003', 'user3@test.com', '$2y$10$yUczH1P7LOlmEfu8hx9.Y.LT1kPU1HyObGcXIVW2nQnekmw2LuYPi', 'N4wTAKxknT9s7XGcVdXP4H0CwjNpo8Tn', 1554865255, NULL, NULL, '192.168.111.132', 1554865255, 1554865255, 0, NULL, NULL),
(6, '004', 'user4@test.com', '$2y$10$.onQJu0s2nTNlC2ui2AnAOKO0XXveUPsidcrulKInGp0e2TIa7i5u', 'zqWtD7NpS-Lp3oRE24yE7dTA5aH6eTLC', 1554865310, NULL, NULL, '192.168.111.132', 1554865310, 1554865310, 0, NULL, NULL),
(7, '005', 'user5@test.com', '$2y$10$IWEdX4VQdoN/1JisQL8kr.fbPH6xh9TLJ5lVCa2d324Ae4JojA.0y', 'akzomK9sVwQ_8QZQrNm5VRHCw_RkjzfC', 1554865333, NULL, NULL, '192.168.111.132', 1554865333, 1554946757, 0, 1554946757, '2019-04-11 13:39:17'),
(8, '006', 'user6@test.com', '$2y$10$TlnVekagXQDI4IyujesGOOy6.kqfD6VgElAEw.Sg4FpDIzjyW1LhO', 'WJMadVTAShlXCYekRIpE_2ozNSqTU-4z', 1554865348, NULL, NULL, '192.168.111.132', 1554865347, 1554948005, 0, 1554948005, '2019-04-11 14:00:05'),
(9, '007', 'user7@test.com', '$2y$10$OvVtc028KndBtjR8JY.qAO/7.x8OB8/86Uzjgwup4vJ9ry.zsuns6', 'q7I82ApTZlafz-TUtZYZLsZzzjRPd8ue', 1554865366, NULL, NULL, '192.168.111.132', 1554865366, 1554865366, 0, NULL, NULL),
(10, '008', 'user8@test.com', '$2y$10$H3/fxxaf7uRK95GNszxpbuIBJyo0MnDnL7COaFrhujxx55gY6KK.2', '1PytoXdnj3Bj8LMBo5huLTO3zJHkQM2W', 1554865384, NULL, NULL, '192.168.111.132', 1554865384, 1554865384, 0, NULL, NULL),
(11, '009', 'user9@test.com', '$2y$10$a8RKC6M28VfNbR.untmF1ewbhnVSk//a2F5TayGUjURaqLtTca/.C', 'dfL6yN10Nv4j4WcqMrduc2C49WUf_ZQ6', 1554865402, NULL, NULL, '192.168.111.132', 1554865401, 1554866725, 0, NULL, NULL),
(12, '010', 'user10@test.com', '$2y$10$slzZLsHlLaBoLV0jlRL11e6pMLmajvlLDRUeoOB.B3xV4n8L5/3Gu', '4cdyuL0jv9fP_4nf5bRFlexhcBVsd17g', 1554865435, NULL, NULL, '192.168.111.132', 1554865435, 1554866736, 0, NULL, NULL),
(13, '011', 'user11@test.com', '$2y$10$PmA4DQ1zQQp7CHpZmnR02ubsYtwXXyN/R2IyE9V/3de8DBj0eyVb2', 'hE1_MJWukr0Lv4hDOQ_lPoYUu9ysb_mw', 1554865448, NULL, NULL, '192.168.111.132', 1554865448, 1554866746, 0, NULL, NULL),
(14, 'money', 'money@test.com', '$2y$10$8uERZOwBYK3TeYybHTVVSO.vxw8iG09aMbd0p0DiRU9VaZInu3bUW', 'AKoytZiFDg1qveLOVdZi_ZAkGF5GHxqN', 1554946340, NULL, NULL, '192.168.111.185', 1554946340, 1554946340, 0, NULL, NULL);

--
-- Indexes for dumped tables
--

--
-- Indexes for table `auth_assignment`
--
ALTER TABLE `auth_assignment`
  ADD PRIMARY KEY (`item_name`,`user_id`) USING BTREE,
  ADD KEY `auth_assignment_user_id_idx` (`user_id`) USING BTREE;

--
-- Indexes for table `auth_item`
--
ALTER TABLE `auth_item`
  ADD PRIMARY KEY (`name`) USING BTREE,
  ADD KEY `rule_name` (`rule_name`) USING BTREE,
  ADD KEY `idx-auth_item-type` (`type`) USING BTREE;

--
-- Indexes for table `auth_item_child`
--
ALTER TABLE `auth_item_child`
  ADD PRIMARY KEY (`parent`,`child`) USING BTREE,
  ADD KEY `child` (`child`) USING BTREE;

--
-- Indexes for table `auth_rule`
--
ALTER TABLE `auth_rule`
  ADD PRIMARY KEY (`name`) USING BTREE;

--
-- Indexes for table `file_storage_item`
--
ALTER TABLE `file_storage_item`
  ADD PRIMARY KEY (`id`) USING BTREE;

--
-- Indexes for table `key_storage_item`
--
ALTER TABLE `key_storage_item`
  ADD PRIMARY KEY (`key`) USING BTREE,
  ADD UNIQUE KEY `idx_key_storage_item_key` (`key`) USING BTREE;

--
-- Indexes for table `migration`
--
ALTER TABLE `migration`
  ADD PRIMARY KEY (`version`) USING BTREE;

--
-- Indexes for table `profile`
--
ALTER TABLE `profile`
  ADD PRIMARY KEY (`user_id`) USING BTREE;

--
-- Indexes for table `social_account`
--
ALTER TABLE `social_account`
  ADD PRIMARY KEY (`id`) USING BTREE,
  ADD UNIQUE KEY `account_unique` (`provider`,`client_id`) USING BTREE,
  ADD UNIQUE KEY `account_unique_code` (`code`) USING BTREE,
  ADD KEY `fk_user_account` (`user_id`) USING BTREE;

--
-- Indexes for table `tb_caller`
--
ALTER TABLE `tb_caller`
  ADD PRIMARY KEY (`caller_ids`) USING BTREE,
  ADD KEY `call_timestp` (`call_timestp`) USING BTREE,
  ADD KEY `call_status` (`call_status`) USING BTREE,
  ADD KEY `que_ids` (`que_ids`) USING BTREE,
  ADD KEY `que_trans_ids` (`que_trans_ids`) USING BTREE,
  ADD KEY `counter_service_id` (`counter_service_id`) USING BTREE;

--
-- Indexes for table `tb_caller_data`
--
ALTER TABLE `tb_caller_data`
  ADD PRIMARY KEY (`ids`) USING BTREE,
  ADD KEY `call_timestp` (`call_timestp`) USING BTREE,
  ADD KEY `call_status` (`call_status`) USING BTREE,
  ADD KEY `que_ids` (`que_ids`) USING BTREE,
  ADD KEY `que_trans_ids` (`que_trans_ids`) USING BTREE,
  ADD KEY `counter_service_id` (`counter_service_id`) USING BTREE;

--
-- Indexes for table `tb_caller_status`
--
ALTER TABLE `tb_caller_status`
  ADD PRIMARY KEY (`caller_status_id`) USING BTREE;

--
-- Indexes for table `tb_counter_service`
--
ALTER TABLE `tb_counter_service`
  ADD PRIMARY KEY (`counter_service_id`) USING BTREE,
  ADD KEY `counter_service_id` (`counter_service_id`) USING BTREE,
  ADD KEY `counterservice_type_id` (`counter_service_type_id`) USING BTREE,
  ADD KEY `service_group_id` (`service_group_id`) USING BTREE,
  ADD KEY `sound_id` (`sound_id`) USING BTREE,
  ADD KEY `sound_service_id` (`sound_service_id`) USING BTREE,
  ADD KEY `counter_service_status` (`counter_service_status`) USING BTREE;

--
-- Indexes for table `tb_counter_service_type`
--
ALTER TABLE `tb_counter_service_type`
  ADD PRIMARY KEY (`counter_service_type_id`) USING BTREE,
  ADD KEY `counterservice_type_id` (`counter_service_type_id`) USING BTREE;

--
-- Indexes for table `tb_display`
--
ALTER TABLE `tb_display`
  ADD PRIMARY KEY (`display_ids`) USING BTREE;

--
-- Indexes for table `tb_qtrans`
--
ALTER TABLE `tb_qtrans`
  ADD PRIMARY KEY (`que_trans_ids`) USING BTREE,
  ADD KEY `q_ids` (`que_ids`) USING BTREE;

--
-- Indexes for table `tb_qtrans_data`
--
ALTER TABLE `tb_qtrans_data`
  ADD PRIMARY KEY (`ids`) USING BTREE,
  ADD KEY `q_ids` (`que_ids`) USING BTREE;

--
-- Indexes for table `tb_que`
--
ALTER TABLE `tb_que`
  ADD PRIMARY KEY (`que_ids`) USING BTREE,
  ADD KEY `q_ids` (`que_ids`) USING BTREE,
  ADD KEY `serviceid` (`service_id`) USING BTREE,
  ADD KEY `servicegroupid` (`service_group_id`) USING BTREE,
  ADD KEY `que_status` (`que_status`) USING BTREE;

--
-- Indexes for table `tb_que_data`
--
ALTER TABLE `tb_que_data`
  ADD PRIMARY KEY (`ids`) USING BTREE,
  ADD KEY `q_ids` (`que_ids`) USING BTREE,
  ADD KEY `serviceid` (`service_id`) USING BTREE,
  ADD KEY `servicegroupid` (`service_group_id`) USING BTREE,
  ADD KEY `que_status` (`que_status`) USING BTREE;

--
-- Indexes for table `tb_que_status`
--
ALTER TABLE `tb_que_status`
  ADD PRIMARY KEY (`que_status_id`) USING BTREE;

--
-- Indexes for table `tb_service`
--
ALTER TABLE `tb_service`
  ADD PRIMARY KEY (`service_id`) USING BTREE,
  ADD KEY `service_id` (`service_id`) USING BTREE,
  ADD KEY `service_status` (`service_status`) USING BTREE;

--
-- Indexes for table `tb_service_group`
--
ALTER TABLE `tb_service_group`
  ADD PRIMARY KEY (`service_group_id`) USING BTREE,
  ADD KEY `service_group_id` (`service_group_id`) USING BTREE,
  ADD KEY `service_group_status` (`service_group_status`) USING BTREE;

--
-- Indexes for table `tb_service_profile`
--
ALTER TABLE `tb_service_profile`
  ADD PRIMARY KEY (`service_profile_id`) USING BTREE;

--
-- Indexes for table `tb_sound`
--
ALTER TABLE `tb_sound`
  ADD PRIMARY KEY (`sound_id`) USING BTREE,
  ADD KEY `sound_id` (`sound_id`) USING BTREE,
  ADD KEY `sound_name` (`sound_name`) USING BTREE,
  ADD KEY `sound_path_name` (`sound_path_name`) USING BTREE;

--
-- Indexes for table `tb_sound_station`
--
ALTER TABLE `tb_sound_station`
  ADD PRIMARY KEY (`sound_station_id`) USING BTREE,
  ADD KEY `sound_station_id` (`sound_station_id`) USING BTREE,
  ADD KEY `sound_station_status` (`sound_station_status`) USING BTREE;

--
-- Indexes for table `tb_ticket`
--
ALTER TABLE `tb_ticket`
  ADD PRIMARY KEY (`ids`) USING BTREE,
  ADD KEY `ids` (`ids`) USING BTREE,
  ADD KEY `status` (`status`) USING BTREE;

--
-- Indexes for table `token`
--
ALTER TABLE `token`
  ADD UNIQUE KEY `token_unique` (`user_id`,`code`,`type`) USING BTREE;

--
-- Indexes for table `user`
--
ALTER TABLE `user`
  ADD PRIMARY KEY (`id`) USING BTREE,
  ADD UNIQUE KEY `user_unique_username` (`username`) USING BTREE,
  ADD UNIQUE KEY `user_unique_email` (`email`) USING BTREE;

--
-- AUTO_INCREMENT for dumped tables
--

--
-- AUTO_INCREMENT for table `file_storage_item`
--
ALTER TABLE `file_storage_item`
  MODIFY `id` int(11) NOT NULL AUTO_INCREMENT, AUTO_INCREMENT=16;

--
-- AUTO_INCREMENT for table `social_account`
--
ALTER TABLE `social_account`
  MODIFY `id` int(11) NOT NULL AUTO_INCREMENT;

--
-- AUTO_INCREMENT for table `tb_caller`
--
ALTER TABLE `tb_caller`
  MODIFY `caller_ids` int(11) NOT NULL AUTO_INCREMENT COMMENT 'running', AUTO_INCREMENT=283;

--
-- AUTO_INCREMENT for table `tb_caller_data`
--
ALTER TABLE `tb_caller_data`
  MODIFY `ids` int(11) NOT NULL AUTO_INCREMENT, AUTO_INCREMENT=125;

--
-- AUTO_INCREMENT for table `tb_caller_status`
--
ALTER TABLE `tb_caller_status`
  MODIFY `caller_status_id` int(11) NOT NULL AUTO_INCREMENT, AUTO_INCREMENT=4;

--
-- AUTO_INCREMENT for table `tb_counter_service`
--
ALTER TABLE `tb_counter_service`
  MODIFY `counter_service_id` int(11) NOT NULL AUTO_INCREMENT COMMENT 'เลขที่บริการ', AUTO_INCREMENT=13;

--
-- AUTO_INCREMENT for table `tb_counter_service_type`
--
ALTER TABLE `tb_counter_service_type`
  MODIFY `counter_service_type_id` int(11) NOT NULL AUTO_INCREMENT, AUTO_INCREMENT=4;

--
-- AUTO_INCREMENT for table `tb_display`
--
ALTER TABLE `tb_display`
  MODIFY `display_ids` int(11) NOT NULL AUTO_INCREMENT, AUTO_INCREMENT=3;

--
-- AUTO_INCREMENT for table `tb_qtrans`
--
ALTER TABLE `tb_qtrans`
  MODIFY `que_trans_ids` int(11) NOT NULL AUTO_INCREMENT, AUTO_INCREMENT=321;

--
-- AUTO_INCREMENT for table `tb_qtrans_data`
--
ALTER TABLE `tb_qtrans_data`
  MODIFY `ids` int(11) NOT NULL AUTO_INCREMENT, AUTO_INCREMENT=131;

--
-- AUTO_INCREMENT for table `tb_que`
--
ALTER TABLE `tb_que`
  MODIFY `que_ids` int(11) NOT NULL AUTO_INCREMENT COMMENT 'running', AUTO_INCREMENT=269;

--
-- AUTO_INCREMENT for table `tb_que_data`
--
ALTER TABLE `tb_que_data`
  MODIFY `ids` int(11) NOT NULL AUTO_INCREMENT, AUTO_INCREMENT=108;

--
-- AUTO_INCREMENT for table `tb_que_status`
--
ALTER TABLE `tb_que_status`
  MODIFY `que_status_id` int(11) NOT NULL AUTO_INCREMENT, AUTO_INCREMENT=6;

--
-- AUTO_INCREMENT for table `tb_service`
--
ALTER TABLE `tb_service`
  MODIFY `service_id` int(11) NOT NULL AUTO_INCREMENT, AUTO_INCREMENT=5;

--
-- AUTO_INCREMENT for table `tb_service_group`
--
ALTER TABLE `tb_service_group`
  MODIFY `service_group_id` int(11) NOT NULL AUTO_INCREMENT COMMENT 'รหัสกลุ่มบริการ', AUTO_INCREMENT=2;

--
-- AUTO_INCREMENT for table `tb_service_profile`
--
ALTER TABLE `tb_service_profile`
  MODIFY `service_profile_id` int(11) NOT NULL AUTO_INCREMENT, AUTO_INCREMENT=4;

--
-- AUTO_INCREMENT for table `tb_sound`
--
ALTER TABLE `tb_sound`
  MODIFY `sound_id` int(11) NOT NULL AUTO_INCREMENT, AUTO_INCREMENT=118;

--
-- AUTO_INCREMENT for table `tb_sound_station`
--
ALTER TABLE `tb_sound_station`
  MODIFY `sound_station_id` int(11) NOT NULL AUTO_INCREMENT, AUTO_INCREMENT=6;

--
-- AUTO_INCREMENT for table `tb_ticket`
--
ALTER TABLE `tb_ticket`
  MODIFY `ids` int(1) NOT NULL AUTO_INCREMENT, AUTO_INCREMENT=14;

--
-- AUTO_INCREMENT for table `user`
--
ALTER TABLE `user`
  MODIFY `id` int(11) NOT NULL AUTO_INCREMENT, AUTO_INCREMENT=15;

--
-- Constraints for dumped tables
--

--
-- Constraints for table `auth_assignment`
--
ALTER TABLE `auth_assignment`
  ADD CONSTRAINT `auth_assignment_ibfk_1` FOREIGN KEY (`item_name`) REFERENCES `auth_item` (`name`) ON DELETE CASCADE ON UPDATE CASCADE;

--
-- Constraints for table `auth_item`
--
ALTER TABLE `auth_item`
  ADD CONSTRAINT `auth_item_ibfk_1` FOREIGN KEY (`rule_name`) REFERENCES `auth_rule` (`name`) ON DELETE SET NULL ON UPDATE CASCADE;

--
-- Constraints for table `auth_item_child`
--
ALTER TABLE `auth_item_child`
  ADD CONSTRAINT `auth_item_child_ibfk_1` FOREIGN KEY (`parent`) REFERENCES `auth_item` (`name`) ON DELETE CASCADE ON UPDATE CASCADE,
  ADD CONSTRAINT `auth_item_child_ibfk_2` FOREIGN KEY (`child`) REFERENCES `auth_item` (`name`) ON DELETE CASCADE ON UPDATE CASCADE;

--
-- Constraints for table `profile`
--
ALTER TABLE `profile`
  ADD CONSTRAINT `fk_user_profile` FOREIGN KEY (`user_id`) REFERENCES `user` (`id`) ON DELETE CASCADE;

--
-- Constraints for table `social_account`
--
ALTER TABLE `social_account`
  ADD CONSTRAINT `fk_user_account` FOREIGN KEY (`user_id`) REFERENCES `user` (`id`) ON DELETE CASCADE;

--
-- Constraints for table `token`
--
ALTER TABLE `token`
  ADD CONSTRAINT `fk_user_token` FOREIGN KEY (`user_id`) REFERENCES `user` (`id`) ON DELETE CASCADE;
COMMIT;

/*!40101 SET CHARACTER_SET_CLIENT=@OLD_CHARACTER_SET_CLIENT */;
/*!40101 SET CHARACTER_SET_RESULTS=@OLD_CHARACTER_SET_RESULTS */;
/*!40101 SET COLLATION_CONNECTION=@OLD_COLLATION_CONNECTION */;
